#
# There is insufficient memory for the Java Runtime Environment to continue.
# Native memory allocation (malloc) failed to allocate 1086096 bytes. Error detail: Chunk::new
# Possible reasons:
#   The system is out of physical RAM or swap space
#   This process is running with CompressedOops enabled, and the Java Heap may be blocking the growth of the native heap
# Possible solutions:
#   Reduce memory load on the system
#   Increase physical memory or swap space
#   Check if swap backing store is full
#   Decrease Java heap size (-Xmx/-Xms)
#   Decrease number of Java threads
#   Decrease Java thread stack sizes (-Xss)
#   Set larger code cache with -XX:ReservedCodeCacheSize=
#   JVM is running with Unscaled Compressed Oops mode in which the Java heap is
#     placed in the first 4GB address space. The Java Heap base address is the
#     maximum limit for the native heap growth. Please use -XX:HeapBaseMinAddress
#     to set the Java Heap base and to place the Java Heap above 4GB virtual address.
# This output file may be truncated or incomplete.
#
#  Out of Memory Error (arena.cpp:191), pid=28336, tid=6888
#
# JRE version: OpenJDK Runtime Environment Temurin-17.0.17+10 (17.0.17+10) (build 17.0.17+10)
# Java VM: OpenJDK 64-Bit Server VM Temurin-17.0.17+10 (17.0.17+10, mixed mode, sharing, tiered, compressed oops, compressed class ptrs, g1 gc, windows-amd64)
# No core dump will be written. Minidumps are not enabled by default on client versions of Windows
#

---------------  S U M M A R Y ------------

Command Line: --add-opens=java.base/java.lang=ALL-UNNAMED --add-opens=java.base/java.lang.invoke=ALL-UNNAMED --add-opens=java.base/java.util=ALL-UNNAMED --add-opens=java.prefs/java.util.prefs=ALL-UNNAMED --add-exports=jdk.compiler/com.sun.tools.javac.api=ALL-UNNAMED --add-exports=jdk.compiler/com.sun.tools.javac.util=ALL-UNNAMED --add-opens=java.base/java.util=ALL-UNNAMED --add-opens=java.prefs/java.util.prefs=ALL-UNNAMED --add-opens=java.base/java.nio.charset=ALL-UNNAMED --add-opens=java.base/java.net=ALL-UNNAMED --add-opens=java.base/java.util.concurrent.atomic=ALL-UNNAMED --add-opens=java.xml/javax.xml.namespace=ALL-UNNAMED -XX:MaxMetaspaceSize=512m -XX:ReservedCodeCacheSize=256m -XX:+UseG1GC -Xmx1536m -Dfile.encoding=UTF-8 -Duser.country=IN -Duser.language=en -Duser.variant -javaagent:D:\gradle_cache\wrapper\dists\gradle-8.12-all\ejduaidbjup3bmmkhw3rie4zb\gradle-8.12\lib\agents\gradle-instrumentation-agent-8.12.jar org.gradle.launcher.daemon.bootstrap.GradleDaemon 8.12

Host: Intel(R) Core(TM) i5-10300H CPU @ 2.50GHz, 8 cores, 15G,  Windows 11 , 64 bit Build 26100 (10.0.26100.8246)
Time: Sat Apr 18 11:58:42 2026 India Standard Time elapsed time: 96.914424 seconds (0d 0h 1m 36s)

---------------  T H R E A D  ---------------

Current thread (0x0000029bc81f27d0):  JavaThread "C2 CompilerThread0" daemon [_thread_in_native, id=6888, stack(0x000000ff70b00000,0x000000ff70c00000)]


Current CompileTask:
C2:96914 16507       4       groovy.lang.MetaClassImpl::inheritInterfaceNewMetaMethods (195 bytes)

Stack: [0x000000ff70b00000,0x000000ff70c00000]
Native frames: (J=compiled Java code, j=interpreted, Vv=VM code, C=native code)
V  [jvm.dll+0x683fb9]
V  [jvm.dll+0x83a1b5]
V  [jvm.dll+0x83bc2e]
V  [jvm.dll+0x83c2b3]
V  [jvm.dll+0x248eff]
V  [jvm.dll+0xad496]
V  [jvm.dll+0xadb3c]
V  [jvm.dll+0x3689ef]
V  [jvm.dll+0x332fa5]
V  [jvm.dll+0x33240a]
V  [jvm.dll+0x219db9]
V  [jvm.dll+0x219200]
V  [jvm.dll+0x1a4920]
V  [jvm.dll+0x22989a]
V  [jvm.dll+0x227a4b]
V  [jvm.dll+0x7effb8]
V  [jvm.dll+0x7ea44c]
V  [jvm.dll+0x682e87]
C  [ucrtbase.dll+0x37b0]
C  [KERNEL32.DLL+0x2e8d7]
C  [ntdll.dll+0x8c3fc]


---------------  P R O C E S S  ---------------

Threads class SMR info:
_java_thread_list=0x0000029bef2257e0, length=70, elements={
0x0000029ba9eb5db0, 0x0000029bc80ca440, 0x0000029bc80caf10, 0x0000029bc81f0490,
0x0000029bc81f0d60, 0x0000029bc81f1630, 0x0000029bc81f1f00, 0x0000029bc81f27d0,
0x0000029bc81f7510, 0x0000029bc8255d60, 0x0000029bc80a7d30, 0x0000029bc83bdc30,
0x0000029be9453a20, 0x0000029be91f6f80, 0x0000029be8cdd6b0, 0x0000029be82012e0,
0x0000029be81ff990, 0x0000029be8202720, 0x0000029be8202210, 0x0000029be81fef70,
0x0000029be81ffea0, 0x0000029be82003b0, 0x0000029be81ff480, 0x0000029be82008c0,
0x0000029be8200dd0, 0x0000029be8201d00, 0x0000029be96e5ee0, 0x0000029be96e54c0,
0x0000029be96e4080, 0x0000029be96e4590, 0x0000029be96e4aa0, 0x0000029be96e2c40,
0x0000029be96e6900, 0x0000029be96e8760, 0x0000029be96e7830, 0x0000029be96e7d40,
0x0000029be96e8250, 0x0000029be96e8c70, 0x0000029be96e9ba0, 0x0000029be96ea0b0,
0x0000029be96e9180, 0x0000029bed1b5450, 0x0000029bed1b6890, 0x0000029bed1b5e70,
0x0000029bed1b35f0, 0x0000029bed1b4010, 0x0000029bed1b6da0, 0x0000029bed1b72b0,
0x0000029bed1b4f40, 0x0000029bed1b77c0, 0x0000029bed1baa60, 0x0000029bee5067e0,
0x0000029bee504e90, 0x0000029bee507200, 0x0000029bee5053a0, 0x0000029be9df33b0,
0x0000029be9df1f70, 0x0000029be9df47f0, 0x0000029be9df4d00, 0x0000029be9df2990,
0x0000029be9df2ea0, 0x0000029be9df1550, 0x0000029be9df7580, 0x0000029be9df6140,
0x0000029be9df7fa0, 0x0000029be9df6b60, 0x0000029be9df84b0, 0x0000029be9df89c0,
0x0000029be9df5210, 0x0000029bc89bcb70
}

Java Threads: ( => current thread )
  0x0000029ba9eb5db0 JavaThread "main" [_thread_blocked, id=4336, stack(0x000000ff6fe00000,0x000000ff6ff00000)]
  0x0000029bc80ca440 JavaThread "Reference Handler" daemon [_thread_blocked, id=19628, stack(0x000000ff70500000,0x000000ff70600000)]
  0x0000029bc80caf10 JavaThread "Finalizer" daemon [_thread_blocked, id=20760, stack(0x000000ff70600000,0x000000ff70700000)]
  0x0000029bc81f0490 JavaThread "Signal Dispatcher" daemon [_thread_blocked, id=23924, stack(0x000000ff70700000,0x000000ff70800000)]
  0x0000029bc81f0d60 JavaThread "Attach Listener" daemon [_thread_blocked, id=10892, stack(0x000000ff70800000,0x000000ff70900000)]
  0x0000029bc81f1630 JavaThread "Service Thread" daemon [_thread_blocked, id=22960, stack(0x000000ff70900000,0x000000ff70a00000)]
  0x0000029bc81f1f00 JavaThread "Monitor Deflation Thread" daemon [_thread_blocked, id=5512, stack(0x000000ff70a00000,0x000000ff70b00000)]
=>0x0000029bc81f27d0 JavaThread "C2 CompilerThread0" daemon [_thread_in_native, id=6888, stack(0x000000ff70b00000,0x000000ff70c00000)]
  0x0000029bc81f7510 JavaThread "C1 CompilerThread0" daemon [_thread_blocked, id=17740, stack(0x000000ff70c00000,0x000000ff70d00000)]
  0x0000029bc8255d60 JavaThread "Sweeper thread" daemon [_thread_blocked, id=19540, stack(0x000000ff70d00000,0x000000ff70e00000)]
  0x0000029bc80a7d30 JavaThread "Common-Cleaner" daemon [_thread_blocked, id=11072, stack(0x000000ff70e00000,0x000000ff70f00000)]
  0x0000029bc83bdc30 JavaThread "Notification Thread" daemon [_thread_blocked, id=27324, stack(0x000000ff70f00000,0x000000ff71000000)]
  0x0000029be9453a20 JavaThread "Daemon health stats" [_thread_blocked, id=13864, stack(0x000000ff71900000,0x000000ff71a00000)]
  0x0000029be91f6f80 JavaThread "Incoming local TCP Connector on port 58868" [_thread_in_native, id=14084, stack(0x000000ff71100000,0x000000ff71200000)]
  0x0000029be8cdd6b0 JavaThread "Daemon periodic checks" [_thread_blocked, id=15568, stack(0x000000ff71200000,0x000000ff71300000)]
  0x0000029be82012e0 JavaThread "Daemon" [_thread_blocked, id=30484, stack(0x000000ff71a00000,0x000000ff71b00000)]
  0x0000029be81ff990 JavaThread "Handler for socket connection from /127.0.0.1:58868 to /127.0.0.1:58869" [_thread_in_native, id=27280, stack(0x000000ff71b00000,0x000000ff71c00000)]
  0x0000029be8202720 JavaThread "Cancel handler" [_thread_blocked, id=18204, stack(0x000000ff71c00000,0x000000ff71d00000)]
  0x0000029be8202210 JavaThread "Daemon worker" [_thread_in_native, id=14676, stack(0x000000ff71d00000,0x000000ff71e00000)]
  0x0000029be81fef70 JavaThread "Asynchronous log dispatcher for DefaultDaemonConnection: socket connection from /127.0.0.1:58868 to /127.0.0.1:58869" [_thread_blocked, id=14692, stack(0x000000ff71e00000,0x000000ff71f00000)]
  0x0000029be81ffea0 JavaThread "Stdin handler" [_thread_blocked, id=4948, stack(0x000000ff71f00000,0x000000ff72000000)]
  0x0000029be82003b0 JavaThread "Daemon client event forwarder" [_thread_blocked, id=28248, stack(0x000000ff72000000,0x000000ff72100000)]
  0x0000029be81ff480 JavaThread "Cache worker for journal cache (D:\gradle_cache\caches\journal-1)" [_thread_blocked, id=12076, stack(0x000000ff72200000,0x000000ff72300000)]
  0x0000029be82008c0 JavaThread "File lock request listener" [_thread_in_native, id=5372, stack(0x000000ff72300000,0x000000ff72400000)]
  0x0000029be8200dd0 JavaThread "Cache worker for file hash cache (D:\gradle_cache\caches\8.12\fileHashes)" [_thread_blocked, id=9688, stack(0x000000ff72400000,0x000000ff72500000)]
  0x0000029be8201d00 JavaThread "Cache worker for file hash cache (D:\Shivam-bitch\edumid\android\.gradle\8.12\fileHashes)" [_thread_blocked, id=24920, stack(0x000000ff72500000,0x000000ff72600000)]
  0x0000029be96e5ee0 JavaThread "Cache worker for Build Output Cleanup Cache (D:\Shivam-bitch\edumid\android\.gradle\buildOutputCleanup)" [_thread_blocked, id=9088, stack(0x000000ff72600000,0x000000ff72700000)]
  0x0000029be96e54c0 JavaThread "File watcher server" daemon [_thread_in_native, id=2416, stack(0x000000ff72b00000,0x000000ff72c00000)]
  0x0000029be96e4080 JavaThread "File watcher consumer" daemon [_thread_blocked, id=4524, stack(0x000000ff72c00000,0x000000ff72d00000)]
  0x0000029be96e4590 JavaThread "jar transforms" [_thread_blocked, id=24148, stack(0x000000ff72d00000,0x000000ff72e00000)]
  0x0000029be96e4aa0 JavaThread "jar transforms Thread 2" [_thread_blocked, id=25368, stack(0x000000ff72e00000,0x000000ff72f00000)]
  0x0000029be96e2c40 JavaThread "Cache worker for checksums cache (D:\Shivam-bitch\edumid\android\.gradle\8.12\checksums)" [_thread_blocked, id=26512, stack(0x000000ff72f00000,0x000000ff73000000)]
  0x0000029be96e6900 JavaThread "Cache worker for file content cache (D:\gradle_cache\caches\8.12\fileContent)" [_thread_blocked, id=4896, stack(0x000000ff73000000,0x000000ff73100000)]
  0x0000029be96e8760 JavaThread "Cache worker for cache directory md-rule (D:\gradle_cache\caches\8.12\md-rule)" [_thread_blocked, id=26844, stack(0x000000ff73100000,0x000000ff73200000)]
  0x0000029be96e7830 JavaThread "Cache worker for cache directory md-supplier (D:\gradle_cache\caches\8.12\md-supplier)" [_thread_blocked, id=27864, stack(0x000000ff73200000,0x000000ff73300000)]
  0x0000029be96e7d40 JavaThread "Cache worker for Build Output Cleanup Cache (D:\flutter\flutter\packages\flutter_tools\gradle\.gradle\buildOutputCleanup)" [_thread_blocked, id=24780, stack(0x000000ff72700000,0x000000ff72800000)]
  0x0000029be96e8250 JavaThread "Unconstrained build operations" [_thread_blocked, id=30544, stack(0x000000ff73400000,0x000000ff73500000)]
  0x0000029be96e8c70 JavaThread "Unconstrained build operations Thread 2" [_thread_blocked, id=26712, stack(0x000000ff73500000,0x000000ff73600000)]
  0x0000029be96e9ba0 JavaThread "Unconstrained build operations Thread 3" [_thread_blocked, id=20920, stack(0x000000ff73600000,0x000000ff73700000)]
  0x0000029be96ea0b0 JavaThread "Memory manager" [_thread_blocked, id=28952, stack(0x000000ff73700000,0x000000ff73800000)]
  0x0000029be96e9180 JavaThread "build event listener" [_thread_blocked, id=21844, stack(0x000000ff72100000,0x000000ff72200000)]
  0x0000029bed1b5450 JavaThread "Execution worker" [_thread_blocked, id=28584, stack(0x000000ff73a00000,0x000000ff73b00000)]
  0x0000029bed1b6890 JavaThread "Cache worker for execution history cache (D:\flutter\flutter\packages\flutter_tools\gradle\.gradle\8.12\executionHistory)" [_thread_blocked, id=22480, stack(0x000000ff73b00000,0x000000ff73c00000)]
  0x0000029bed1b5e70 JavaThread "Unconstrained build operations Thread 4" [_thread_blocked, id=27308, stack(0x000000ff73c00000,0x000000ff73d00000)]
  0x0000029bed1b35f0 JavaThread "Unconstrained build operations Thread 5" [_thread_blocked, id=10972, stack(0x000000ff73d00000,0x000000ff73e00000)]
  0x0000029bed1b4010 JavaThread "Unconstrained build operations Thread 6" [_thread_blocked, id=25728, stack(0x000000ff73e00000,0x000000ff73f00000)]
  0x0000029bed1b6da0 JavaThread "Unconstrained build operations Thread 7" [_thread_blocked, id=28728, stack(0x000000ff73f00000,0x000000ff74000000)]
  0x0000029bed1b72b0 JavaThread "Unconstrained build operations Thread 8" [_thread_blocked, id=20940, stack(0x000000ff74000000,0x000000ff74100000)]
  0x0000029bed1b4f40 JavaThread "Unconstrained build operations Thread 9" [_thread_blocked, id=25008, stack(0x000000ff74100000,0x000000ff74200000)]
  0x0000029bed1b77c0 JavaThread "Unconstrained build operations Thread 10" [_thread_blocked, id=30220, stack(0x000000ff74200000,0x000000ff74300000)]
  0x0000029bed1baa60 JavaThread "build event listener" [_thread_blocked, id=10252, stack(0x000000ff73800000,0x000000ff73900000)]
  0x0000029bee5067e0 JavaThread "jar transforms Thread 3" [_thread_blocked, id=22720, stack(0x000000ff74300000,0x000000ff74400000)]
  0x0000029bee504e90 JavaThread "Unconstrained build operations Thread 11" [_thread_blocked, id=30424, stack(0x000000ff74400000,0x000000ff74500000)]
  0x0000029bee507200 JavaThread "Unconstrained build operations Thread 12" [_thread_blocked, id=30332, stack(0x000000ff74500000,0x000000ff74600000)]
  0x0000029bee5053a0 JavaThread "Unconstrained build operations Thread 13" [_thread_blocked, id=18924, stack(0x000000ff74700000,0x000000ff74800000)]
  0x0000029be9df33b0 JavaThread "jar transforms Thread 4" [_thread_blocked, id=24172, stack(0x000000ff74800000,0x000000ff74900000)]
  0x0000029be9df1f70 JavaThread "jar transforms Thread 5" [_thread_blocked, id=29748, stack(0x000000ff74900000,0x000000ff74a00000)]
  0x0000029be9df47f0 JavaThread "Unconstrained build operations Thread 14" [_thread_blocked, id=15100, stack(0x000000ff74a00000,0x000000ff74b00000)]
  0x0000029be9df4d00 JavaThread "Unconstrained build operations Thread 15" [_thread_blocked, id=12832, stack(0x000000ff74b00000,0x000000ff74c00000)]
  0x0000029be9df2990 JavaThread "Unconstrained build operations Thread 16" [_thread_blocked, id=2512, stack(0x000000ff74c00000,0x000000ff74d00000)]
  0x0000029be9df2ea0 JavaThread "jar transforms Thread 6" [_thread_blocked, id=25420, stack(0x000000ff6fc00000,0x000000ff6fd00000)]
  0x0000029be9df1550 JavaThread "Problems report writer" [_thread_blocked, id=29100, stack(0x000000ff73300000,0x000000ff73400000)]
  0x0000029be9df7580 JavaThread "File lock release action executor" [_thread_blocked, id=9256, stack(0x000000ff74e00000,0x000000ff74f00000)]
  0x0000029be9df6140 JavaThread "jar transforms Thread 7" [_thread_blocked, id=27604, stack(0x000000ff75000000,0x000000ff75100000)]
  0x0000029be9df7fa0 JavaThread "Unconstrained build operations Thread 17" [_thread_blocked, id=30016, stack(0x000000ff75100000,0x000000ff75200000)]
  0x0000029be9df6b60 JavaThread "Unconstrained build operations Thread 18" [_thread_blocked, id=9240, stack(0x000000ff74f00000,0x000000ff75000000)]
  0x0000029be9df84b0 JavaThread "Unconstrained build operations Thread 19" [_thread_blocked, id=28796, stack(0x000000ff75200000,0x000000ff75300000)]
  0x0000029be9df89c0 JavaThread "jar transforms Thread 8" [_thread_blocked, id=30592, stack(0x000000ff75300000,0x000000ff75400000)]
  0x0000029be9df5210 JavaThread "Unconstrained build operations Thread 20" [_thread_blocked, id=25328, stack(0x000000ff75500000,0x000000ff75600000)]
  0x0000029bc89bcb70 JavaThread "C2 CompilerThread1" daemon [_thread_blocked, id=8384, stack(0x000000ff6fb00000,0x000000ff6fc00000)]

Other Threads:
  0x0000029bc80b9430 VMThread "VM Thread" [stack: 0x000000ff70400000,0x000000ff70500000] [id=22220]
  0x0000029bc83be110 WatcherThread [stack: 0x000000ff71000000,0x000000ff71100000] [id=1748]
  0x0000029ba9f048c0 GCTaskThread "GC Thread#0" [stack: 0x000000ff6ff00000,0x000000ff70000000] [id=22620]
  0x0000029be81b6c80 GCTaskThread "GC Thread#1" [stack: 0x000000ff71300000,0x000000ff71400000] [id=21740]
  0x0000029bc895cf70 GCTaskThread "GC Thread#2" [stack: 0x000000ff71400000,0x000000ff71500000] [id=15076]
  0x0000029bc8cc2300 GCTaskThread "GC Thread#3" [stack: 0x000000ff71500000,0x000000ff71600000] [id=30572]
  0x0000029bc8d75070 GCTaskThread "GC Thread#4" [stack: 0x000000ff71600000,0x000000ff71700000] [id=20204]
  0x0000029bc8802bf0 GCTaskThread "GC Thread#5" [stack: 0x000000ff71700000,0x000000ff71800000] [id=19004]
  0x0000029beab8aa20 GCTaskThread "GC Thread#6" [stack: 0x000000ff72800000,0x000000ff72900000] [id=21868]
  0x0000029beab8c020 GCTaskThread "GC Thread#7" [stack: 0x000000ff72900000,0x000000ff72a00000] [id=14508]
  0x0000029ba9f11720 ConcurrentGCThread "G1 Main Marker" [stack: 0x000000ff70000000,0x000000ff70100000] [id=10356]
  0x0000029ba9f12050 ConcurrentGCThread "G1 Conc#0" [stack: 0x000000ff70100000,0x000000ff70200000] [id=10772]
  0x0000029beab8c2e0 ConcurrentGCThread "G1 Conc#1" [stack: 0x000000ff72a00000,0x000000ff72b00000] [id=16092]
  0x0000029ba9f5e970 ConcurrentGCThread "G1 Refine#0" [stack: 0x000000ff70200000,0x000000ff70300000] [id=6208]
  0x0000029be8431f40 ConcurrentGCThread "G1 Refine#1" [stack: 0x000000ff71800000,0x000000ff71900000] [id=152]
  0x0000029bc7f725e0 ConcurrentGCThread "G1 Service" [stack: 0x000000ff70300000,0x000000ff70400000] [id=26164]

Threads with active compile tasks:
C2 CompilerThread0  96945 16507       4       groovy.lang.MetaClassImpl::inheritInterfaceNewMetaMethods (195 bytes)

VM state: not at safepoint (normal execution)

VM Mutex/Monitor currently owned by a thread: None

Heap address: 0x00000000a0000000, size: 1536 MB, Compressed Oops mode: 32-bit

CDS archive(s) mapped at: [0x0000029bc9000000-0x0000029bc9bb0000-0x0000029bc9bb0000), size 12255232, SharedBaseAddress: 0x0000029bc9000000, ArchiveRelocationMode: 1.
Compressed class space mapped at: 0x0000029bca000000-0x0000029be4000000, reserved size: 436207616
Narrow klass base: 0x0000029bc9000000, Narrow klass shift: 0, Narrow klass range: 0x100000000

GC Precious Log:
 CPUs: 8 total, 8 available
 Memory: 16221M
 Large Page Support: Disabled
 NUMA Support: Disabled
 Compressed Oops: Enabled (32-bit)
 Heap Region Size: 1M
 Heap Min Capacity: 8M
 Heap Initial Capacity: 254M
 Heap Max Capacity: 1536M
 Pre-touch: Disabled
 Parallel Workers: 8
 Concurrent Workers: 2
 Concurrent Refinement Workers: 8
 Periodic GC: Disabled

Heap:
 garbage-first heap   total 384000K, used 272163K [0x00000000a0000000, 0x0000000100000000)
  region size 1024K, 38 young (38912K), 10 survivors (10240K)
 Metaspace       used 104731K, committed 106176K, reserved 557056K
  class space    used 14650K, committed 15296K, reserved 425984K

Heap Regions: E=young(eden), S=young(survivor), O=old, HS=humongous(starts), HC=humongous(continues), CS=collection set, F=free, OA=open archive, CA=closed archive, TAMS=top-at-mark-start (previous, next)
|   0|0x00000000a0000000, 0x00000000a0100000, 0x00000000a0100000|100%| O|  |TAMS 0x00000000a0100000, 0x00000000a0000000| Untracked 
|   1|0x00000000a0100000, 0x00000000a0200000, 0x00000000a0200000|100%| O|  |TAMS 0x00000000a0200000, 0x00000000a0100000| Untracked 
|   2|0x00000000a0200000, 0x00000000a0300000, 0x00000000a0300000|100%|HS|  |TAMS 0x00000000a0300000, 0x00000000a0200000| Complete 
|   3|0x00000000a0300000, 0x00000000a0400000, 0x00000000a0400000|100%|HC|  |TAMS 0x00000000a0400000, 0x00000000a0300000| Complete 
|   4|0x00000000a0400000, 0x00000000a0500000, 0x00000000a0500000|100%|HC|  |TAMS 0x00000000a0500000, 0x00000000a0400000| Complete 
|   5|0x00000000a0500000, 0x00000000a0600000, 0x00000000a0600000|100%| O|  |TAMS 0x00000000a0600000, 0x00000000a0500000| Untracked 
|   6|0x00000000a0600000, 0x00000000a0700000, 0x00000000a0700000|100%|HS|  |TAMS 0x00000000a0700000, 0x00000000a0600000| Complete 
|   7|0x00000000a0700000, 0x00000000a0800000, 0x00000000a0800000|100%| O|  |TAMS 0x00000000a0800000, 0x00000000a0700000| Untracked 
|   8|0x00000000a0800000, 0x00000000a0900000, 0x00000000a0900000|100%| O|  |TAMS 0x00000000a0900000, 0x00000000a0800000| Untracked 
|   9|0x00000000a0900000, 0x00000000a0a00000, 0x00000000a0a00000|100%| O|  |TAMS 0x00000000a0a00000, 0x00000000a0900000| Untracked 
|  10|0x00000000a0a00000, 0x00000000a0aff000, 0x00000000a0b00000| 99%| O|  |TAMS 0x00000000a0aff000, 0x00000000a0a00000| Untracked 
|  11|0x00000000a0b00000, 0x00000000a0c00000, 0x00000000a0c00000|100%| O|  |TAMS 0x00000000a0c00000, 0x00000000a0b00000| Untracked 
|  12|0x00000000a0c00000, 0x00000000a0d00000, 0x00000000a0d00000|100%| O|  |TAMS 0x00000000a0d00000, 0x00000000a0c00000| Untracked 
|  13|0x00000000a0d00000, 0x00000000a0e00000, 0x00000000a0e00000|100%| O|  |TAMS 0x00000000a0e00000, 0x00000000a0d00000| Untracked 
|  14|0x00000000a0e00000, 0x00000000a0f00000, 0x00000000a0f00000|100%| O|  |TAMS 0x00000000a0f00000, 0x00000000a0e00000| Untracked 
|  15|0x00000000a0f00000, 0x00000000a1000000, 0x00000000a1000000|100%| O|  |TAMS 0x00000000a1000000, 0x00000000a0f00000| Untracked 
|  16|0x00000000a1000000, 0x00000000a1100000, 0x00000000a1100000|100%| O|  |TAMS 0x00000000a1100000, 0x00000000a1000000| Untracked 
|  17|0x00000000a1100000, 0x00000000a1200000, 0x00000000a1200000|100%| O|  |TAMS 0x00000000a1200000, 0x00000000a1100000| Untracked 
|  18|0x00000000a1200000, 0x00000000a1300000, 0x00000000a1300000|100%| O|  |TAMS 0x00000000a1300000, 0x00000000a1200000| Untracked 
|  19|0x00000000a1300000, 0x00000000a1400000, 0x00000000a1400000|100%| O|  |TAMS 0x00000000a1400000, 0x00000000a1300000| Untracked 
|  20|0x00000000a1400000, 0x00000000a1500000, 0x00000000a1500000|100%| O|  |TAMS 0x00000000a1500000, 0x00000000a1400000| Untracked 
|  21|0x00000000a1500000, 0x00000000a1600000, 0x00000000a1600000|100%| O|  |TAMS 0x00000000a1600000, 0x00000000a1500000| Untracked 
|  22|0x00000000a1600000, 0x00000000a1700000, 0x00000000a1700000|100%| O|  |TAMS 0x00000000a1700000, 0x00000000a1600000| Untracked 
|  23|0x00000000a1700000, 0x00000000a1800000, 0x00000000a1800000|100%| O|  |TAMS 0x00000000a1800000, 0x00000000a1700000| Untracked 
|  24|0x00000000a1800000, 0x00000000a1900000, 0x00000000a1900000|100%| O|  |TAMS 0x00000000a1900000, 0x00000000a1800000| Untracked 
|  25|0x00000000a1900000, 0x00000000a1a00000, 0x00000000a1a00000|100%| O|  |TAMS 0x00000000a1a00000, 0x00000000a1900000| Untracked 
|  26|0x00000000a1a00000, 0x00000000a1b00000, 0x00000000a1b00000|100%| O|  |TAMS 0x00000000a1b00000, 0x00000000a1a00000| Untracked 
|  27|0x00000000a1b00000, 0x00000000a1c00000, 0x00000000a1c00000|100%| O|  |TAMS 0x00000000a1c00000, 0x00000000a1b00000| Untracked 
|  28|0x00000000a1c00000, 0x00000000a1d00000, 0x00000000a1d00000|100%| O|  |TAMS 0x00000000a1d00000, 0x00000000a1c00000| Untracked 
|  29|0x00000000a1d00000, 0x00000000a1e00000, 0x00000000a1e00000|100%| O|  |TAMS 0x00000000a1e00000, 0x00000000a1d00000| Untracked 
|  30|0x00000000a1e00000, 0x00000000a1f00000, 0x00000000a1f00000|100%| O|  |TAMS 0x00000000a1f00000, 0x00000000a1e00000| Untracked 
|  31|0x00000000a1f00000, 0x00000000a2000000, 0x00000000a2000000|100%| O|  |TAMS 0x00000000a2000000, 0x00000000a1f00000| Untracked 
|  32|0x00000000a2000000, 0x00000000a2100000, 0x00000000a2100000|100%| O|  |TAMS 0x00000000a2100000, 0x00000000a2000000| Untracked 
|  33|0x00000000a2100000, 0x00000000a2200000, 0x00000000a2200000|100%| O|  |TAMS 0x00000000a2200000, 0x00000000a2100000| Untracked 
|  34|0x00000000a2200000, 0x00000000a2300000, 0x00000000a2300000|100%| O|  |TAMS 0x00000000a2300000, 0x00000000a2200000| Untracked 
|  35|0x00000000a2300000, 0x00000000a2400000, 0x00000000a2400000|100%| O|  |TAMS 0x00000000a2300000, 0x00000000a2300000| Untracked 
|  36|0x00000000a2400000, 0x00000000a2500000, 0x00000000a2500000|100%| O|  |TAMS 0x00000000a2500000, 0x00000000a2400000| Untracked 
|  37|0x00000000a2500000, 0x00000000a2600000, 0x00000000a2600000|100%| O|  |TAMS 0x00000000a2600000, 0x00000000a2500000| Untracked 
|  38|0x00000000a2600000, 0x00000000a2700000, 0x00000000a2700000|100%| O|  |TAMS 0x00000000a2700000, 0x00000000a2600000| Untracked 
|  39|0x00000000a2700000, 0x00000000a2800000, 0x00000000a2800000|100%| O|  |TAMS 0x00000000a2800000, 0x00000000a2700000| Untracked 
|  40|0x00000000a2800000, 0x00000000a2900000, 0x00000000a2900000|100%| O|  |TAMS 0x00000000a2900000, 0x00000000a2800000| Untracked 
|  41|0x00000000a2900000, 0x00000000a2a00000, 0x00000000a2a00000|100%| O|  |TAMS 0x00000000a2a00000, 0x00000000a2900000| Untracked 
|  42|0x00000000a2a00000, 0x00000000a2b00000, 0x00000000a2b00000|100%| O|  |TAMS 0x00000000a2b00000, 0x00000000a2a00000| Untracked 
|  43|0x00000000a2b00000, 0x00000000a2c00000, 0x00000000a2c00000|100%| O|  |TAMS 0x00000000a2c00000, 0x00000000a2b00000| Untracked 
|  44|0x00000000a2c00000, 0x00000000a2d00000, 0x00000000a2d00000|100%| O|  |TAMS 0x00000000a2d00000, 0x00000000a2c00000| Untracked 
|  45|0x00000000a2d00000, 0x00000000a2e00000, 0x00000000a2e00000|100%|HS|  |TAMS 0x00000000a2e00000, 0x00000000a2d00000| Complete 
|  46|0x00000000a2e00000, 0x00000000a2f00000, 0x00000000a2f00000|100%| O|  |TAMS 0x00000000a2f00000, 0x00000000a2e00000| Untracked 
|  47|0x00000000a2f00000, 0x00000000a3000000, 0x00000000a3000000|100%| O|  |TAMS 0x00000000a3000000, 0x00000000a2f00000| Untracked 
|  48|0x00000000a3000000, 0x00000000a3100000, 0x00000000a3100000|100%|HS|  |TAMS 0x00000000a3100000, 0x00000000a3000000| Complete 
|  49|0x00000000a3100000, 0x00000000a3200000, 0x00000000a3200000|100%|HC|  |TAMS 0x00000000a3200000, 0x00000000a3100000| Complete 
|  50|0x00000000a3200000, 0x00000000a3300000, 0x00000000a3300000|100%|HS|  |TAMS 0x00000000a3300000, 0x00000000a3200000| Complete 
|  51|0x00000000a3300000, 0x00000000a3400000, 0x00000000a3400000|100%|HC|  |TAMS 0x00000000a3400000, 0x00000000a3300000| Complete 
|  52|0x00000000a3400000, 0x00000000a3500000, 0x00000000a3500000|100%|HS|  |TAMS 0x00000000a3500000, 0x00000000a3400000| Complete 
|  53|0x00000000a3500000, 0x00000000a3600000, 0x00000000a3600000|100%|HC|  |TAMS 0x00000000a3600000, 0x00000000a3500000| Complete 
|  54|0x00000000a3600000, 0x00000000a3700000, 0x00000000a3700000|100%|HC|  |TAMS 0x00000000a3700000, 0x00000000a3600000| Complete 
|  55|0x00000000a3700000, 0x00000000a3800000, 0x00000000a3800000|100%| O|  |TAMS 0x00000000a3800000, 0x00000000a3700000| Untracked 
|  56|0x00000000a3800000, 0x00000000a3900000, 0x00000000a3900000|100%| O|  |TAMS 0x00000000a3900000, 0x00000000a3800000| Untracked 
|  57|0x00000000a3900000, 0x00000000a3a00000, 0x00000000a3a00000|100%| O|  |TAMS 0x00000000a3a00000, 0x00000000a3900000| Untracked 
|  58|0x00000000a3a00000, 0x00000000a3b00000, 0x00000000a3b00000|100%|HS|  |TAMS 0x00000000a3b00000, 0x00000000a3a00000| Complete 
|  59|0x00000000a3b00000, 0x00000000a3c00000, 0x00000000a3c00000|100%|HC|  |TAMS 0x00000000a3c00000, 0x00000000a3b00000| Complete 
|  60|0x00000000a3c00000, 0x00000000a3d00000, 0x00000000a3d00000|100%|HC|  |TAMS 0x00000000a3d00000, 0x00000000a3c00000| Complete 
|  61|0x00000000a3d00000, 0x00000000a3e00000, 0x00000000a3e00000|100%| O|  |TAMS 0x00000000a3e00000, 0x00000000a3d00000| Untracked 
|  62|0x00000000a3e00000, 0x00000000a3f00000, 0x00000000a3f00000|100%| O|  |TAMS 0x00000000a3f00000, 0x00000000a3e00000| Untracked 
|  63|0x00000000a3f00000, 0x00000000a4000000, 0x00000000a4000000|100%| O|  |TAMS 0x00000000a4000000, 0x00000000a3f00000| Untracked 
|  64|0x00000000a4000000, 0x00000000a4100000, 0x00000000a4100000|100%| O|  |TAMS 0x00000000a4100000, 0x00000000a4000000| Untracked 
|  65|0x00000000a4100000, 0x00000000a4200000, 0x00000000a4200000|100%| O|  |TAMS 0x00000000a4200000, 0x00000000a4100000| Untracked 
|  66|0x00000000a4200000, 0x00000000a4300000, 0x00000000a4300000|100%| O|  |TAMS 0x00000000a4300000, 0x00000000a4200000| Untracked 
|  67|0x00000000a4300000, 0x00000000a4400000, 0x00000000a4400000|100%| O|  |TAMS 0x00000000a4400000, 0x00000000a4300000| Untracked 
|  68|0x00000000a4400000, 0x00000000a4500000, 0x00000000a4500000|100%| O|  |TAMS 0x00000000a4500000, 0x00000000a4400000| Untracked 
|  69|0x00000000a4500000, 0x00000000a4600000, 0x00000000a4600000|100%| O|  |TAMS 0x00000000a4600000, 0x00000000a4500000| Untracked 
|  70|0x00000000a4600000, 0x00000000a4700000, 0x00000000a4700000|100%| O|  |TAMS 0x00000000a4600000, 0x00000000a4600000| Untracked 
|  71|0x00000000a4700000, 0x00000000a4800000, 0x00000000a4800000|100%| O|  |TAMS 0x00000000a4700000, 0x00000000a4700000| Untracked 
|  72|0x00000000a4800000, 0x00000000a4900000, 0x00000000a4900000|100%| O|  |TAMS 0x00000000a4900000, 0x00000000a4800000| Untracked 
|  73|0x00000000a4900000, 0x00000000a4a00000, 0x00000000a4a00000|100%| O|  |TAMS 0x00000000a4900000, 0x00000000a4900000| Untracked 
|  74|0x00000000a4a00000, 0x00000000a4b00000, 0x00000000a4b00000|100%| O|  |TAMS 0x00000000a4b00000, 0x00000000a4a00000| Untracked 
|  75|0x00000000a4b00000, 0x00000000a4c00000, 0x00000000a4c00000|100%| O|  |TAMS 0x00000000a4c00000, 0x00000000a4b00000| Untracked 
|  76|0x00000000a4c00000, 0x00000000a4d00000, 0x00000000a4d00000|100%| O|  |TAMS 0x00000000a4d00000, 0x00000000a4c00000| Untracked 
|  77|0x00000000a4d00000, 0x00000000a4e00000, 0x00000000a4e00000|100%| O|  |TAMS 0x00000000a4e00000, 0x00000000a4d00000| Untracked 
|  78|0x00000000a4e00000, 0x00000000a4f00000, 0x00000000a4f00000|100%|HS|  |TAMS 0x00000000a4f00000, 0x00000000a4e00000| Complete 
|  79|0x00000000a4f00000, 0x00000000a5000000, 0x00000000a5000000|100%|HS|  |TAMS 0x00000000a5000000, 0x00000000a4f00000| Complete 
|  80|0x00000000a5000000, 0x00000000a5100000, 0x00000000a5100000|100%|HC|  |TAMS 0x00000000a5100000, 0x00000000a5000000| Complete 
|  81|0x00000000a5100000, 0x00000000a5200000, 0x00000000a5200000|100%|HS|  |TAMS 0x00000000a5200000, 0x00000000a5100000| Complete 
|  82|0x00000000a5200000, 0x00000000a5300000, 0x00000000a5300000|100%|HS|  |TAMS 0x00000000a5300000, 0x00000000a5200000| Complete 
|  83|0x00000000a5300000, 0x00000000a5400000, 0x00000000a5400000|100%|HS|  |TAMS 0x00000000a5400000, 0x00000000a5300000| Complete 
|  84|0x00000000a5400000, 0x00000000a5500000, 0x00000000a5500000|100%|HS|  |TAMS 0x00000000a5500000, 0x00000000a5400000| Complete 
|  85|0x00000000a5500000, 0x00000000a5600000, 0x00000000a5600000|100%|HC|  |TAMS 0x00000000a5600000, 0x00000000a5500000| Complete 
|  86|0x00000000a5600000, 0x00000000a5700000, 0x00000000a5700000|100%|HS|  |TAMS 0x00000000a5700000, 0x00000000a5600000| Complete 
|  87|0x00000000a5700000, 0x00000000a5800000, 0x00000000a5800000|100%|HS|  |TAMS 0x00000000a5800000, 0x00000000a5700000| Complete 
|  88|0x00000000a5800000, 0x00000000a5900000, 0x00000000a5900000|100%| O|  |TAMS 0x00000000a5900000, 0x00000000a5800000| Untracked 
|  89|0x00000000a5900000, 0x00000000a5a00000, 0x00000000a5a00000|100%| O|  |TAMS 0x00000000a5a00000, 0x00000000a5900000| Untracked 
|  90|0x00000000a5a00000, 0x00000000a5b00000, 0x00000000a5b00000|100%| O|  |TAMS 0x00000000a5b00000, 0x00000000a5a00000| Untracked 
|  91|0x00000000a5b00000, 0x00000000a5c00000, 0x00000000a5c00000|100%| O|  |TAMS 0x00000000a5c00000, 0x00000000a5b00000| Untracked 
|  92|0x00000000a5c00000, 0x00000000a5d00000, 0x00000000a5d00000|100%| O|  |TAMS 0x00000000a5d00000, 0x00000000a5c00000| Untracked 
|  93|0x00000000a5d00000, 0x00000000a5e00000, 0x00000000a5e00000|100%| O|  |TAMS 0x00000000a5e00000, 0x00000000a5d00000| Untracked 
|  94|0x00000000a5e00000, 0x00000000a5f00000, 0x00000000a5f00000|100%| O|  |TAMS 0x00000000a5f00000, 0x00000000a5e00000| Untracked 
|  95|0x00000000a5f00000, 0x00000000a6000000, 0x00000000a6000000|100%| O|  |TAMS 0x00000000a6000000, 0x00000000a5f00000| Untracked 
|  96|0x00000000a6000000, 0x00000000a6100000, 0x00000000a6100000|100%| O|  |TAMS 0x00000000a6100000, 0x00000000a6000000| Untracked 
|  97|0x00000000a6100000, 0x00000000a6200000, 0x00000000a6200000|100%| O|  |TAMS 0x00000000a6200000, 0x00000000a6100000| Untracked 
|  98|0x00000000a6200000, 0x00000000a6300000, 0x00000000a6300000|100%| O|  |TAMS 0x00000000a6300000, 0x00000000a6200000| Untracked 
|  99|0x00000000a6300000, 0x00000000a6400000, 0x00000000a6400000|100%| O|  |TAMS 0x00000000a6400000, 0x00000000a6300000| Untracked 
| 100|0x00000000a6400000, 0x00000000a6500000, 0x00000000a6500000|100%| O|  |TAMS 0x00000000a6500000, 0x00000000a6400000| Untracked 
| 101|0x00000000a6500000, 0x00000000a6600000, 0x00000000a6600000|100%| O|  |TAMS 0x00000000a6600000, 0x00000000a6500000| Untracked 
| 102|0x00000000a6600000, 0x00000000a6700000, 0x00000000a6700000|100%| O|  |TAMS 0x00000000a6700000, 0x00000000a6600000| Untracked 
| 103|0x00000000a6700000, 0x00000000a6800000, 0x00000000a6800000|100%| O|  |TAMS 0x00000000a6800000, 0x00000000a6700000| Untracked 
| 104|0x00000000a6800000, 0x00000000a6900000, 0x00000000a6900000|100%| O|  |TAMS 0x00000000a6900000, 0x00000000a6800000| Untracked 
| 105|0x00000000a6900000, 0x00000000a6a00000, 0x00000000a6a00000|100%| O|  |TAMS 0x00000000a6a00000, 0x00000000a6900000| Untracked 
| 106|0x00000000a6a00000, 0x00000000a6b00000, 0x00000000a6b00000|100%| O|  |TAMS 0x00000000a6b00000, 0x00000000a6a00000| Untracked 
| 107|0x00000000a6b00000, 0x00000000a6c00000, 0x00000000a6c00000|100%| O|  |TAMS 0x00000000a6c00000, 0x00000000a6b00000| Untracked 
| 108|0x00000000a6c00000, 0x00000000a6d00000, 0x00000000a6d00000|100%| O|  |TAMS 0x00000000a6d00000, 0x00000000a6c00000| Untracked 
| 109|0x00000000a6d00000, 0x00000000a6e00000, 0x00000000a6e00000|100%| O|  |TAMS 0x00000000a6e00000, 0x00000000a6d00000| Untracked 
| 110|0x00000000a6e00000, 0x00000000a6f00000, 0x00000000a6f00000|100%| O|  |TAMS 0x00000000a6f00000, 0x00000000a6e00000| Untracked 
| 111|0x00000000a6f00000, 0x00000000a7000000, 0x00000000a7000000|100%| O|  |TAMS 0x00000000a7000000, 0x00000000a6f00000| Untracked 
| 112|0x00000000a7000000, 0x00000000a7100000, 0x00000000a7100000|100%| O|  |TAMS 0x00000000a7100000, 0x00000000a7000000| Untracked 
| 113|0x00000000a7100000, 0x00000000a7200000, 0x00000000a7200000|100%| O|  |TAMS 0x00000000a7200000, 0x00000000a7100000| Untracked 
| 114|0x00000000a7200000, 0x00000000a7300000, 0x00000000a7300000|100%| O|  |TAMS 0x00000000a7300000, 0x00000000a7200000| Untracked 
| 115|0x00000000a7300000, 0x00000000a7400000, 0x00000000a7400000|100%| O|  |TAMS 0x00000000a7400000, 0x00000000a7300000| Untracked 
| 116|0x00000000a7400000, 0x00000000a7500000, 0x00000000a7500000|100%| O|  |TAMS 0x00000000a7500000, 0x00000000a7400000| Untracked 
| 117|0x00000000a7500000, 0x00000000a7600000, 0x00000000a7600000|100%| O|  |TAMS 0x00000000a7600000, 0x00000000a7500000| Untracked 
| 118|0x00000000a7600000, 0x00000000a7700000, 0x00000000a7700000|100%| O|  |TAMS 0x00000000a7700000, 0x00000000a7600000| Untracked 
| 119|0x00000000a7700000, 0x00000000a7800000, 0x00000000a7800000|100%| O|  |TAMS 0x00000000a7800000, 0x00000000a7700000| Untracked 
| 120|0x00000000a7800000, 0x00000000a7900000, 0x00000000a7900000|100%| O|  |TAMS 0x00000000a7900000, 0x00000000a7800000| Untracked 
| 121|0x00000000a7900000, 0x00000000a7a00000, 0x00000000a7a00000|100%|HS|  |TAMS 0x00000000a7a00000, 0x00000000a7900000| Complete 
| 122|0x00000000a7a00000, 0x00000000a7b00000, 0x00000000a7b00000|100%|HS|  |TAMS 0x00000000a7b00000, 0x00000000a7a00000| Complete 
| 123|0x00000000a7b00000, 0x00000000a7c00000, 0x00000000a7c00000|100%|HC|  |TAMS 0x00000000a7c00000, 0x00000000a7b00000| Complete 
| 124|0x00000000a7c00000, 0x00000000a7d00000, 0x00000000a7d00000|100%|HS|  |TAMS 0x00000000a7d00000, 0x00000000a7c00000| Complete 
| 125|0x00000000a7d00000, 0x00000000a7e00000, 0x00000000a7e00000|100%| O|  |TAMS 0x00000000a7e00000, 0x00000000a7d00000| Untracked 
| 126|0x00000000a7e00000, 0x00000000a7f00000, 0x00000000a7f00000|100%| O|  |TAMS 0x00000000a7f00000, 0x00000000a7e00000| Untracked 
| 127|0x00000000a7f00000, 0x00000000a8000000, 0x00000000a8000000|100%| O|  |TAMS 0x00000000a7f00000, 0x00000000a7f00000| Untracked 
| 128|0x00000000a8000000, 0x00000000a8100000, 0x00000000a8100000|100%| O|  |TAMS 0x00000000a8000000, 0x00000000a8000000| Untracked 
| 129|0x00000000a8100000, 0x00000000a8200000, 0x00000000a8200000|100%| O|  |TAMS 0x00000000a8200000, 0x00000000a8100000| Untracked 
| 130|0x00000000a8200000, 0x00000000a8300000, 0x00000000a8300000|100%|HS|  |TAMS 0x00000000a8300000, 0x00000000a8200000| Complete 
| 131|0x00000000a8300000, 0x00000000a8400000, 0x00000000a8400000|100%| O|  |TAMS 0x00000000a8400000, 0x00000000a8300000| Untracked 
| 132|0x00000000a8400000, 0x00000000a8500000, 0x00000000a8500000|100%| O|  |TAMS 0x00000000a8500000, 0x00000000a8400000| Untracked 
| 133|0x00000000a8500000, 0x00000000a8600000, 0x00000000a8600000|100%| O|  |TAMS 0x00000000a8600000, 0x00000000a8500000| Untracked 
| 134|0x00000000a8600000, 0x00000000a8700000, 0x00000000a8700000|100%| O|  |TAMS 0x00000000a8700000, 0x00000000a8600000| Untracked 
| 135|0x00000000a8700000, 0x00000000a8800000, 0x00000000a8800000|100%| O|  |TAMS 0x00000000a8800000, 0x00000000a8700000| Untracked 
| 136|0x00000000a8800000, 0x00000000a8900000, 0x00000000a8900000|100%| O|  |TAMS 0x00000000a8900000, 0x00000000a8800000| Untracked 
| 137|0x00000000a8900000, 0x00000000a8a00000, 0x00000000a8a00000|100%| O|  |TAMS 0x00000000a8a00000, 0x00000000a8900000| Untracked 
| 138|0x00000000a8a00000, 0x00000000a8b00000, 0x00000000a8b00000|100%| O|  |TAMS 0x00000000a8b00000, 0x00000000a8a00000| Untracked 
| 139|0x00000000a8b00000, 0x00000000a8c00000, 0x00000000a8c00000|100%| O|  |TAMS 0x00000000a8c00000, 0x00000000a8b00000| Untracked 
| 140|0x00000000a8c00000, 0x00000000a8d00000, 0x00000000a8d00000|100%| O|  |TAMS 0x00000000a8d00000, 0x00000000a8c00000| Untracked 
| 141|0x00000000a8d00000, 0x00000000a8e00000, 0x00000000a8e00000|100%|HS|  |TAMS 0x00000000a8e00000, 0x00000000a8d00000| Complete 
| 142|0x00000000a8e00000, 0x00000000a8f00000, 0x00000000a8f00000|100%|HS|  |TAMS 0x00000000a8f00000, 0x00000000a8e00000| Complete 
| 143|0x00000000a8f00000, 0x00000000a9000000, 0x00000000a9000000|100%|HS|  |TAMS 0x00000000a9000000, 0x00000000a8f00000| Complete 
| 144|0x00000000a9000000, 0x00000000a9100000, 0x00000000a9100000|100%| O|  |TAMS 0x00000000a9100000, 0x00000000a9000000| Untracked 
| 145|0x00000000a9100000, 0x00000000a9200000, 0x00000000a9200000|100%| O|  |TAMS 0x00000000a9100000, 0x00000000a9100000| Untracked 
| 146|0x00000000a9200000, 0x00000000a9300000, 0x00000000a9300000|100%| O|  |TAMS 0x00000000a9200000, 0x00000000a9200000| Untracked 
| 147|0x00000000a9300000, 0x00000000a9400000, 0x00000000a9400000|100%| O|  |TAMS 0x00000000a9400000, 0x00000000a9300000| Untracked 
| 148|0x00000000a9400000, 0x00000000a9500000, 0x00000000a9500000|100%| O|  |TAMS 0x00000000a9500000, 0x00000000a9400000| Untracked 
| 149|0x00000000a9500000, 0x00000000a9600000, 0x00000000a9600000|100%| O|  |TAMS 0x00000000a9600000, 0x00000000a9500000| Untracked 
| 150|0x00000000a9600000, 0x00000000a9700000, 0x00000000a9700000|100%| O|  |TAMS 0x00000000a9700000, 0x00000000a9600000| Untracked 
| 151|0x00000000a9700000, 0x00000000a9800000, 0x00000000a9800000|100%| O|  |TAMS 0x00000000a9800000, 0x00000000a9700000| Untracked 
| 152|0x00000000a9800000, 0x00000000a9900000, 0x00000000a9900000|100%| O|  |TAMS 0x00000000a9900000, 0x00000000a9800000| Untracked 
| 153|0x00000000a9900000, 0x00000000a9a00000, 0x00000000a9a00000|100%| O|  |TAMS 0x00000000a9a00000, 0x00000000a9900000| Untracked 
| 154|0x00000000a9a00000, 0x00000000a9b00000, 0x00000000a9b00000|100%| O|  |TAMS 0x00000000a9b00000, 0x00000000a9a00000| Untracked 
| 155|0x00000000a9b00000, 0x00000000a9c00000, 0x00000000a9c00000|100%| O|  |TAMS 0x00000000a9b00000, 0x00000000a9b00000| Untracked 
| 156|0x00000000a9c00000, 0x00000000a9d00000, 0x00000000a9d00000|100%| O|  |TAMS 0x00000000a9d00000, 0x00000000a9c00000| Untracked 
| 157|0x00000000a9d00000, 0x00000000a9e00000, 0x00000000a9e00000|100%| O|  |TAMS 0x00000000a9e00000, 0x00000000a9d00000| Untracked 
| 158|0x00000000a9e00000, 0x00000000a9f00000, 0x00000000a9f00000|100%| O|  |TAMS 0x00000000a9f00000, 0x00000000a9e00000| Untracked 
| 159|0x00000000a9f00000, 0x00000000aa000000, 0x00000000aa000000|100%| O|  |TAMS 0x00000000aa000000, 0x00000000a9f00000| Untracked 
| 160|0x00000000aa000000, 0x00000000aa100000, 0x00000000aa100000|100%| O|  |TAMS 0x00000000aa100000, 0x00000000aa000000| Untracked 
| 161|0x00000000aa100000, 0x00000000aa200000, 0x00000000aa200000|100%| O|  |TAMS 0x00000000aa200000, 0x00000000aa100000| Untracked 
| 162|0x00000000aa200000, 0x00000000aa300000, 0x00000000aa300000|100%| O|  |TAMS 0x00000000aa300000, 0x00000000aa200000| Untracked 
| 163|0x00000000aa300000, 0x00000000aa400000, 0x00000000aa400000|100%| O|  |TAMS 0x00000000aa400000, 0x00000000aa300000| Untracked 
| 164|0x00000000aa400000, 0x00000000aa500000, 0x00000000aa500000|100%| O|  |TAMS 0x00000000aa400000, 0x00000000aa400000| Untracked 
| 165|0x00000000aa500000, 0x00000000aa600000, 0x00000000aa600000|100%| O|  |TAMS 0x00000000aa600000, 0x00000000aa500000| Untracked 
| 166|0x00000000aa600000, 0x00000000aa700000, 0x00000000aa700000|100%| O|  |TAMS 0x00000000aa700000, 0x00000000aa600000| Untracked 
| 167|0x00000000aa700000, 0x00000000aa800000, 0x00000000aa800000|100%| O|  |TAMS 0x00000000aa800000, 0x00000000aa700000| Untracked 
| 168|0x00000000aa800000, 0x00000000aa900000, 0x00000000aa900000|100%| O|  |TAMS 0x00000000aa800000, 0x00000000aa800000| Untracked 
| 169|0x00000000aa900000, 0x00000000aaa00000, 0x00000000aaa00000|100%|HS|  |TAMS 0x00000000aaa00000, 0x00000000aa900000| Complete 
| 170|0x00000000aaa00000, 0x00000000aab00000, 0x00000000aab00000|100%|HS|  |TAMS 0x00000000aab00000, 0x00000000aaa00000| Complete 
| 171|0x00000000aab00000, 0x00000000aac00000, 0x00000000aac00000|100%|HS|  |TAMS 0x00000000aac00000, 0x00000000aab00000| Complete 
| 172|0x00000000aac00000, 0x00000000aad00000, 0x00000000aad00000|100%|HS|  |TAMS 0x00000000aad00000, 0x00000000aac00000| Complete 
| 173|0x00000000aad00000, 0x00000000aae00000, 0x00000000aae00000|100%| O|  |TAMS 0x00000000aae00000, 0x00000000aad00000| Untracked 
| 174|0x00000000aae00000, 0x00000000aaf00000, 0x00000000aaf00000|100%| O|  |TAMS 0x00000000aaf00000, 0x00000000aae00000| Untracked 
| 175|0x00000000aaf00000, 0x00000000ab000000, 0x00000000ab000000|100%| O|  |TAMS 0x00000000ab000000, 0x00000000aaf00000| Untracked 
| 176|0x00000000ab000000, 0x00000000ab100000, 0x00000000ab100000|100%| O|  |TAMS 0x00000000ab100000, 0x00000000ab000000| Untracked 
| 177|0x00000000ab100000, 0x00000000ab200000, 0x00000000ab200000|100%| O|  |TAMS 0x00000000ab100000, 0x00000000ab100000| Untracked 
| 178|0x00000000ab200000, 0x00000000ab300000, 0x00000000ab300000|100%| O|  |TAMS 0x00000000ab200000, 0x00000000ab200000| Untracked 
| 179|0x00000000ab300000, 0x00000000ab400000, 0x00000000ab400000|100%| O|  |TAMS 0x00000000ab400000, 0x00000000ab300000| Untracked 
| 180|0x00000000ab400000, 0x00000000ab500000, 0x00000000ab500000|100%| O|  |TAMS 0x00000000ab500000, 0x00000000ab400000| Untracked 
| 181|0x00000000ab500000, 0x00000000ab600000, 0x00000000ab600000|100%| O|  |TAMS 0x00000000ab600000, 0x00000000ab500000| Untracked 
| 182|0x00000000ab600000, 0x00000000ab700000, 0x00000000ab700000|100%| O|  |TAMS 0x00000000ab600000, 0x00000000ab600000| Untracked 
| 183|0x00000000ab700000, 0x00000000ab800000, 0x00000000ab800000|100%| O|  |TAMS 0x00000000ab700000, 0x00000000ab700000| Untracked 
| 184|0x00000000ab800000, 0x00000000ab900000, 0x00000000ab900000|100%| O|  |TAMS 0x00000000ab900000, 0x00000000ab800000| Untracked 
| 185|0x00000000ab900000, 0x00000000aba00000, 0x00000000aba00000|100%| O|  |TAMS 0x00000000ab900000, 0x00000000ab900000| Untracked 
| 186|0x00000000aba00000, 0x00000000abb00000, 0x00000000abb00000|100%| O|  |TAMS 0x00000000aba00000, 0x00000000aba00000| Untracked 
| 187|0x00000000abb00000, 0x00000000abc00000, 0x00000000abc00000|100%| O|  |TAMS 0x00000000abc00000, 0x00000000abb00000| Untracked 
| 188|0x00000000abc00000, 0x00000000abd00000, 0x00000000abd00000|100%| O|  |TAMS 0x00000000abd00000, 0x00000000abc00000| Untracked 
| 189|0x00000000abd00000, 0x00000000abe00000, 0x00000000abe00000|100%| O|  |TAMS 0x00000000abe00000, 0x00000000abd00000| Untracked 
| 190|0x00000000abe00000, 0x00000000abf00000, 0x00000000abf00000|100%| O|  |TAMS 0x00000000abf00000, 0x00000000abe00000| Untracked 
| 191|0x00000000abf00000, 0x00000000ac000000, 0x00000000ac000000|100%| O|  |TAMS 0x00000000ac000000, 0x00000000abf00000| Untracked 
| 192|0x00000000ac000000, 0x00000000ac100000, 0x00000000ac100000|100%| O|  |TAMS 0x00000000ac000000, 0x00000000ac000000| Untracked 
| 193|0x00000000ac100000, 0x00000000ac200000, 0x00000000ac200000|100%| O|  |TAMS 0x00000000ac100000, 0x00000000ac100000| Untracked 
| 194|0x00000000ac200000, 0x00000000ac300000, 0x00000000ac300000|100%| O|  |TAMS 0x00000000ac300000, 0x00000000ac200000| Untracked 
| 195|0x00000000ac300000, 0x00000000ac400000, 0x00000000ac400000|100%| O|  |TAMS 0x00000000ac300000, 0x00000000ac300000| Untracked 
| 196|0x00000000ac400000, 0x00000000ac500000, 0x00000000ac500000|100%| O|  |TAMS 0x00000000ac400000, 0x00000000ac400000| Untracked 
| 197|0x00000000ac500000, 0x00000000ac600000, 0x00000000ac600000|100%| O|  |TAMS 0x00000000ac500000, 0x00000000ac500000| Untracked 
| 198|0x00000000ac600000, 0x00000000ac700000, 0x00000000ac700000|100%| O|  |TAMS 0x00000000ac600000, 0x00000000ac600000| Untracked 
| 199|0x00000000ac700000, 0x00000000ac800000, 0x00000000ac800000|100%| O|  |TAMS 0x00000000ac700000, 0x00000000ac700000| Untracked 
| 200|0x00000000ac800000, 0x00000000ac900000, 0x00000000ac900000|100%| O|  |TAMS 0x00000000ac800000, 0x00000000ac800000| Untracked 
| 201|0x00000000ac900000, 0x00000000aca00000, 0x00000000aca00000|100%|HS|  |TAMS 0x00000000aca00000, 0x00000000ac900000| Complete 
| 202|0x00000000aca00000, 0x00000000acb00000, 0x00000000acb00000|100%|HS|  |TAMS 0x00000000acb00000, 0x00000000aca00000| Complete 
| 203|0x00000000acb00000, 0x00000000acc00000, 0x00000000acc00000|100%|HC|  |TAMS 0x00000000acc00000, 0x00000000acb00000| Complete 
| 204|0x00000000acc00000, 0x00000000acd00000, 0x00000000acd00000|100%|HS|  |TAMS 0x00000000acd00000, 0x00000000acc00000| Complete 
| 205|0x00000000acd00000, 0x00000000ace00000, 0x00000000ace00000|100%| O|  |TAMS 0x00000000ace00000, 0x00000000acd00000| Untracked 
| 206|0x00000000ace00000, 0x00000000acf00000, 0x00000000acf00000|100%| O|  |TAMS 0x00000000acf00000, 0x00000000ace00000| Untracked 
| 207|0x00000000acf00000, 0x00000000ad000000, 0x00000000ad000000|100%| O|  |TAMS 0x00000000ad000000, 0x00000000acf00000| Untracked 
| 208|0x00000000ad000000, 0x00000000ad100000, 0x00000000ad100000|100%| O|  |TAMS 0x00000000ad100000, 0x00000000ad000000| Untracked 
| 209|0x00000000ad100000, 0x00000000ad200000, 0x00000000ad200000|100%| O|  |TAMS 0x00000000ad200000, 0x00000000ad100000| Untracked 
| 210|0x00000000ad200000, 0x00000000ad300000, 0x00000000ad300000|100%| O|  |TAMS 0x00000000ad300000, 0x00000000ad200000| Untracked 
| 211|0x00000000ad300000, 0x00000000ad400000, 0x00000000ad400000|100%| O|  |TAMS 0x00000000ad400000, 0x00000000ad300000| Untracked 
| 212|0x00000000ad400000, 0x00000000ad500000, 0x00000000ad500000|100%| O|  |TAMS 0x00000000ad400000, 0x00000000ad400000| Untracked 
| 213|0x00000000ad500000, 0x00000000ad600000, 0x00000000ad600000|100%| O|  |TAMS 0x00000000ad500000, 0x00000000ad500000| Untracked 
| 214|0x00000000ad600000, 0x00000000ad700000, 0x00000000ad700000|100%| O|  |TAMS 0x00000000ad600000, 0x00000000ad600000| Untracked 
| 215|0x00000000ad700000, 0x00000000ad800000, 0x00000000ad800000|100%| O|  |TAMS 0x00000000ad700000, 0x00000000ad700000| Untracked 
| 216|0x00000000ad800000, 0x00000000ad900000, 0x00000000ad900000|100%| O|  |TAMS 0x00000000ad800000, 0x00000000ad800000| Untracked 
| 217|0x00000000ad900000, 0x00000000ada00000, 0x00000000ada00000|100%| O|  |TAMS 0x00000000ad900000, 0x00000000ad900000| Untracked 
| 218|0x00000000ada00000, 0x00000000adb00000, 0x00000000adb00000|100%| O|  |TAMS 0x00000000ada00000, 0x00000000ada00000| Untracked 
| 219|0x00000000adb00000, 0x00000000adc00000, 0x00000000adc00000|100%| O|  |TAMS 0x00000000adb00000, 0x00000000adb00000| Untracked 
| 220|0x00000000adc00000, 0x00000000add00000, 0x00000000add00000|100%| O|  |TAMS 0x00000000adc00000, 0x00000000adc00000| Untracked 
| 221|0x00000000add00000, 0x00000000ade00000, 0x00000000ade00000|100%| O|  |TAMS 0x00000000add00000, 0x00000000add00000| Untracked 
| 222|0x00000000ade00000, 0x00000000adf00000, 0x00000000adf00000|100%| O|  |TAMS 0x00000000ade00000, 0x00000000ade00000| Untracked 
| 223|0x00000000adf00000, 0x00000000ae000000, 0x00000000ae000000|100%| O|  |TAMS 0x00000000adf00000, 0x00000000adf00000| Untracked 
| 224|0x00000000ae000000, 0x00000000ae100000, 0x00000000ae100000|100%| O|  |TAMS 0x00000000ae000000, 0x00000000ae000000| Untracked 
| 225|0x00000000ae100000, 0x00000000ae200000, 0x00000000ae200000|100%| O|  |TAMS 0x00000000ae100000, 0x00000000ae100000| Untracked 
| 226|0x00000000ae200000, 0x00000000ae300000, 0x00000000ae300000|100%| O|  |TAMS 0x00000000ae200000, 0x00000000ae200000| Untracked 
| 227|0x00000000ae300000, 0x00000000ae400000, 0x00000000ae400000|100%| O|  |TAMS 0x00000000ae300000, 0x00000000ae300000| Untracked 
| 228|0x00000000ae400000, 0x00000000ae4f3a00, 0x00000000ae500000| 95%| O|  |TAMS 0x00000000ae400000, 0x00000000ae400000| Untracked 
| 229|0x00000000ae500000, 0x00000000ae500000, 0x00000000ae600000|  0%| F|  |TAMS 0x00000000ae500000, 0x00000000ae500000| Untracked 
| 230|0x00000000ae600000, 0x00000000ae600000, 0x00000000ae700000|  0%| F|  |TAMS 0x00000000ae600000, 0x00000000ae600000| Untracked 
| 231|0x00000000ae700000, 0x00000000ae700000, 0x00000000ae800000|  0%| F|  |TAMS 0x00000000ae700000, 0x00000000ae700000| Untracked 
| 232|0x00000000ae800000, 0x00000000ae800000, 0x00000000ae900000|  0%| F|  |TAMS 0x00000000ae800000, 0x00000000ae800000| Untracked 
| 233|0x00000000ae900000, 0x00000000ae900000, 0x00000000aea00000|  0%| F|  |TAMS 0x00000000ae900000, 0x00000000ae900000| Untracked 
| 234|0x00000000aea00000, 0x00000000aea00000, 0x00000000aeb00000|  0%| F|  |TAMS 0x00000000aea00000, 0x00000000aea00000| Untracked 
| 235|0x00000000aeb00000, 0x00000000aeb00000, 0x00000000aec00000|  0%| F|  |TAMS 0x00000000aeb00000, 0x00000000aeb00000| Untracked 
| 236|0x00000000aec00000, 0x00000000aec00000, 0x00000000aed00000|  0%| F|  |TAMS 0x00000000aec00000, 0x00000000aec00000| Untracked 
| 237|0x00000000aed00000, 0x00000000aed00000, 0x00000000aee00000|  0%| F|  |TAMS 0x00000000aed00000, 0x00000000aed00000| Untracked 
| 238|0x00000000aee00000, 0x00000000aee00000, 0x00000000aef00000|  0%| F|  |TAMS 0x00000000aee00000, 0x00000000aee00000| Untracked 
| 239|0x00000000aef00000, 0x00000000aef00000, 0x00000000af000000|  0%| F|  |TAMS 0x00000000aef00000, 0x00000000aef00000| Untracked 
| 240|0x00000000af000000, 0x00000000af000000, 0x00000000af100000|  0%| F|  |TAMS 0x00000000af000000, 0x00000000af000000| Untracked 
| 241|0x00000000af100000, 0x00000000af100000, 0x00000000af200000|  0%| F|  |TAMS 0x00000000af100000, 0x00000000af100000| Untracked 
| 242|0x00000000af200000, 0x00000000af200000, 0x00000000af300000|  0%| F|  |TAMS 0x00000000af200000, 0x00000000af200000| Untracked 
| 243|0x00000000af300000, 0x00000000af300000, 0x00000000af400000|  0%| F|  |TAMS 0x00000000af300000, 0x00000000af300000| Untracked 
| 244|0x00000000af400000, 0x00000000af400000, 0x00000000af500000|  0%| F|  |TAMS 0x00000000af400000, 0x00000000af400000| Untracked 
| 245|0x00000000af500000, 0x00000000af500000, 0x00000000af600000|  0%| F|  |TAMS 0x00000000af500000, 0x00000000af500000| Untracked 
| 246|0x00000000af600000, 0x00000000af600000, 0x00000000af700000|  0%| F|  |TAMS 0x00000000af600000, 0x00000000af600000| Untracked 
| 247|0x00000000af700000, 0x00000000af700000, 0x00000000af800000|  0%| F|  |TAMS 0x00000000af700000, 0x00000000af700000| Untracked 
| 248|0x00000000af800000, 0x00000000af800000, 0x00000000af900000|  0%| F|  |TAMS 0x00000000af800000, 0x00000000af800000| Untracked 
| 249|0x00000000af900000, 0x00000000af900000, 0x00000000afa00000|  0%| F|  |TAMS 0x00000000af900000, 0x00000000af900000| Untracked 
| 250|0x00000000afa00000, 0x00000000afa00000, 0x00000000afb00000|  0%| F|  |TAMS 0x00000000afa00000, 0x00000000afa00000| Untracked 
| 251|0x00000000afb00000, 0x00000000afb00000, 0x00000000afc00000|  0%| F|  |TAMS 0x00000000afb00000, 0x00000000afb00000| Untracked 
| 252|0x00000000afc00000, 0x00000000afc00000, 0x00000000afd00000|  0%| F|  |TAMS 0x00000000afc00000, 0x00000000afc00000| Untracked 
| 253|0x00000000afd00000, 0x00000000afd00000, 0x00000000afe00000|  0%| F|  |TAMS 0x00000000afd00000, 0x00000000afd00000| Untracked 
| 254|0x00000000afe00000, 0x00000000afe00000, 0x00000000aff00000|  0%| F|  |TAMS 0x00000000afe00000, 0x00000000afe00000| Untracked 
| 255|0x00000000aff00000, 0x00000000aff00000, 0x00000000b0000000|  0%| F|  |TAMS 0x00000000aff00000, 0x00000000aff00000| Untracked 
| 256|0x00000000b0000000, 0x00000000b0000000, 0x00000000b0100000|  0%| F|  |TAMS 0x00000000b0000000, 0x00000000b0000000| Untracked 
| 257|0x00000000b0100000, 0x00000000b0100000, 0x00000000b0200000|  0%| F|  |TAMS 0x00000000b0100000, 0x00000000b0100000| Untracked 
| 258|0x00000000b0200000, 0x00000000b0200000, 0x00000000b0300000|  0%| F|  |TAMS 0x00000000b0200000, 0x00000000b0200000| Untracked 
| 259|0x00000000b0300000, 0x00000000b0300000, 0x00000000b0400000|  0%| F|  |TAMS 0x00000000b0300000, 0x00000000b0300000| Untracked 
| 260|0x00000000b0400000, 0x00000000b0400000, 0x00000000b0500000|  0%| F|  |TAMS 0x00000000b0400000, 0x00000000b0400000| Untracked 
| 261|0x00000000b0500000, 0x00000000b0500000, 0x00000000b0600000|  0%| F|  |TAMS 0x00000000b0500000, 0x00000000b0500000| Untracked 
| 262|0x00000000b0600000, 0x00000000b0600000, 0x00000000b0700000|  0%| F|  |TAMS 0x00000000b0600000, 0x00000000b0600000| Untracked 
| 263|0x00000000b0700000, 0x00000000b0700000, 0x00000000b0800000|  0%| F|  |TAMS 0x00000000b0700000, 0x00000000b0700000| Untracked 
| 264|0x00000000b0800000, 0x00000000b0800000, 0x00000000b0900000|  0%| F|  |TAMS 0x00000000b0800000, 0x00000000b0800000| Untracked 
| 265|0x00000000b0900000, 0x00000000b0900000, 0x00000000b0a00000|  0%| F|  |TAMS 0x00000000b0900000, 0x00000000b0900000| Untracked 
| 266|0x00000000b0a00000, 0x00000000b0a00000, 0x00000000b0b00000|  0%| F|  |TAMS 0x00000000b0a00000, 0x00000000b0a00000| Untracked 
| 267|0x00000000b0b00000, 0x00000000b0b00000, 0x00000000b0c00000|  0%| F|  |TAMS 0x00000000b0b00000, 0x00000000b0b00000| Untracked 
| 268|0x00000000b0c00000, 0x00000000b0c00000, 0x00000000b0d00000|  0%| F|  |TAMS 0x00000000b0c00000, 0x00000000b0c00000| Untracked 
| 269|0x00000000b0d00000, 0x00000000b0d00000, 0x00000000b0e00000|  0%| F|  |TAMS 0x00000000b0d00000, 0x00000000b0d00000| Untracked 
| 270|0x00000000b0e00000, 0x00000000b0e00000, 0x00000000b0f00000|  0%| F|  |TAMS 0x00000000b0e00000, 0x00000000b0e00000| Untracked 
| 271|0x00000000b0f00000, 0x00000000b0f00000, 0x00000000b1000000|  0%| F|  |TAMS 0x00000000b0f00000, 0x00000000b0f00000| Untracked 
| 272|0x00000000b1000000, 0x00000000b1000000, 0x00000000b1100000|  0%| F|  |TAMS 0x00000000b1000000, 0x00000000b1000000| Untracked 
| 273|0x00000000b1100000, 0x00000000b1100000, 0x00000000b1200000|  0%| F|  |TAMS 0x00000000b1100000, 0x00000000b1100000| Untracked 
| 274|0x00000000b1200000, 0x00000000b1200000, 0x00000000b1300000|  0%| F|  |TAMS 0x00000000b1200000, 0x00000000b1200000| Untracked 
| 275|0x00000000b1300000, 0x00000000b1300000, 0x00000000b1400000|  0%| F|  |TAMS 0x00000000b1300000, 0x00000000b1300000| Untracked 
| 276|0x00000000b1400000, 0x00000000b14d6200, 0x00000000b1500000| 83%| S|CS|TAMS 0x00000000b1400000, 0x00000000b1400000| Complete 
| 277|0x00000000b1500000, 0x00000000b1600000, 0x00000000b1600000|100%| S|CS|TAMS 0x00000000b1500000, 0x00000000b1500000| Complete 
| 278|0x00000000b1600000, 0x00000000b1700000, 0x00000000b1700000|100%| S|CS|TAMS 0x00000000b1600000, 0x00000000b1600000| Complete 
| 279|0x00000000b1700000, 0x00000000b1800000, 0x00000000b1800000|100%| S|CS|TAMS 0x00000000b1700000, 0x00000000b1700000| Complete 
| 280|0x00000000b1800000, 0x00000000b1900000, 0x00000000b1900000|100%| S|CS|TAMS 0x00000000b1800000, 0x00000000b1800000| Complete 
| 281|0x00000000b1900000, 0x00000000b1a00000, 0x00000000b1a00000|100%| S|CS|TAMS 0x00000000b1900000, 0x00000000b1900000| Complete 
| 282|0x00000000b1a00000, 0x00000000b1b00000, 0x00000000b1b00000|100%| S|CS|TAMS 0x00000000b1a00000, 0x00000000b1a00000| Complete 
| 283|0x00000000b1b00000, 0x00000000b1c00000, 0x00000000b1c00000|100%| S|CS|TAMS 0x00000000b1b00000, 0x00000000b1b00000| Complete 
| 284|0x00000000b1c00000, 0x00000000b1d00000, 0x00000000b1d00000|100%| S|CS|TAMS 0x00000000b1c00000, 0x00000000b1c00000| Complete 
| 285|0x00000000b1d00000, 0x00000000b1d00000, 0x00000000b1e00000|  0%| F|  |TAMS 0x00000000b1d00000, 0x00000000b1d00000| Untracked 
| 286|0x00000000b1e00000, 0x00000000b1e00000, 0x00000000b1f00000|  0%| F|  |TAMS 0x00000000b1e00000, 0x00000000b1e00000| Untracked 
| 287|0x00000000b1f00000, 0x00000000b1f00000, 0x00000000b2000000|  0%| F|  |TAMS 0x00000000b1f00000, 0x00000000b1f00000| Untracked 
| 288|0x00000000b2000000, 0x00000000b2000000, 0x00000000b2100000|  0%| F|  |TAMS 0x00000000b2000000, 0x00000000b2000000| Untracked 
| 289|0x00000000b2100000, 0x00000000b2100000, 0x00000000b2200000|  0%| F|  |TAMS 0x00000000b2100000, 0x00000000b2100000| Untracked 
| 290|0x00000000b2200000, 0x00000000b2200000, 0x00000000b2300000|  0%| F|  |TAMS 0x00000000b2200000, 0x00000000b2200000| Untracked 
| 291|0x00000000b2300000, 0x00000000b2400000, 0x00000000b2400000|100%| S|CS|TAMS 0x00000000b2300000, 0x00000000b2300000| Complete 
| 292|0x00000000b2400000, 0x00000000b2400000, 0x00000000b2500000|  0%| F|  |TAMS 0x00000000b2400000, 0x00000000b2400000| Untracked 
| 293|0x00000000b2500000, 0x00000000b2500000, 0x00000000b2600000|  0%| F|  |TAMS 0x00000000b2500000, 0x00000000b2500000| Untracked 
| 294|0x00000000b2600000, 0x00000000b2600000, 0x00000000b2700000|  0%| F|  |TAMS 0x00000000b2600000, 0x00000000b2600000| Untracked 
| 295|0x00000000b2700000, 0x00000000b2700000, 0x00000000b2800000|  0%| F|  |TAMS 0x00000000b2700000, 0x00000000b2700000| Untracked 
| 296|0x00000000b2800000, 0x00000000b2800000, 0x00000000b2900000|  0%| F|  |TAMS 0x00000000b2800000, 0x00000000b2800000| Untracked 
| 297|0x00000000b2900000, 0x00000000b2900000, 0x00000000b2a00000|  0%| F|  |TAMS 0x00000000b2900000, 0x00000000b2900000| Untracked 
| 298|0x00000000b2a00000, 0x00000000b2a00000, 0x00000000b2b00000|  0%| F|  |TAMS 0x00000000b2a00000, 0x00000000b2a00000| Untracked 
| 299|0x00000000b2b00000, 0x00000000b2b00000, 0x00000000b2c00000|  0%| F|  |TAMS 0x00000000b2b00000, 0x00000000b2b00000| Untracked 
| 300|0x00000000b2c00000, 0x00000000b2c00000, 0x00000000b2d00000|  0%| F|  |TAMS 0x00000000b2c00000, 0x00000000b2c00000| Untracked 
| 301|0x00000000b2d00000, 0x00000000b2d00000, 0x00000000b2e00000|  0%| F|  |TAMS 0x00000000b2d00000, 0x00000000b2d00000| Untracked 
| 302|0x00000000b2e00000, 0x00000000b2e00000, 0x00000000b2f00000|  0%| F|  |TAMS 0x00000000b2e00000, 0x00000000b2e00000| Untracked 
| 303|0x00000000b2f00000, 0x00000000b2f00000, 0x00000000b3000000|  0%| F|  |TAMS 0x00000000b2f00000, 0x00000000b2f00000| Untracked 
| 304|0x00000000b3000000, 0x00000000b3000000, 0x00000000b3100000|  0%| F|  |TAMS 0x00000000b3000000, 0x00000000b3000000| Untracked 
| 305|0x00000000b3100000, 0x00000000b3100000, 0x00000000b3200000|  0%| F|  |TAMS 0x00000000b3100000, 0x00000000b3100000| Untracked 
| 306|0x00000000b3200000, 0x00000000b3200000, 0x00000000b3300000|  0%| F|  |TAMS 0x00000000b3200000, 0x00000000b3200000| Untracked 
| 307|0x00000000b3300000, 0x00000000b3300000, 0x00000000b3400000|  0%| F|  |TAMS 0x00000000b3300000, 0x00000000b3300000| Untracked 
| 308|0x00000000b3400000, 0x00000000b3400000, 0x00000000b3500000|  0%| F|  |TAMS 0x00000000b3400000, 0x00000000b3400000| Untracked 
| 309|0x00000000b3500000, 0x00000000b3500000, 0x00000000b3600000|  0%| F|  |TAMS 0x00000000b3500000, 0x00000000b3500000| Untracked 
| 310|0x00000000b3600000, 0x00000000b3600000, 0x00000000b3700000|  0%| F|  |TAMS 0x00000000b3600000, 0x00000000b3600000| Untracked 
| 311|0x00000000b3700000, 0x00000000b3700000, 0x00000000b3800000|  0%| F|  |TAMS 0x00000000b3700000, 0x00000000b3700000| Untracked 
| 312|0x00000000b3800000, 0x00000000b3800000, 0x00000000b3900000|  0%| F|  |TAMS 0x00000000b3800000, 0x00000000b3800000| Untracked 
| 313|0x00000000b3900000, 0x00000000b3900000, 0x00000000b3a00000|  0%| F|  |TAMS 0x00000000b3900000, 0x00000000b3900000| Untracked 
| 314|0x00000000b3a00000, 0x00000000b3a00000, 0x00000000b3b00000|  0%| F|  |TAMS 0x00000000b3a00000, 0x00000000b3a00000| Untracked 
| 315|0x00000000b3b00000, 0x00000000b3b00000, 0x00000000b3c00000|  0%| F|  |TAMS 0x00000000b3b00000, 0x00000000b3b00000| Untracked 
| 316|0x00000000b3c00000, 0x00000000b3c00000, 0x00000000b3d00000|  0%| F|  |TAMS 0x00000000b3c00000, 0x00000000b3c00000| Untracked 
| 317|0x00000000b3d00000, 0x00000000b3d00000, 0x00000000b3e00000|  0%| F|  |TAMS 0x00000000b3d00000, 0x00000000b3d00000| Untracked 
| 318|0x00000000b3e00000, 0x00000000b3e00000, 0x00000000b3f00000|  0%| F|  |TAMS 0x00000000b3e00000, 0x00000000b3e00000| Untracked 
| 319|0x00000000b3f00000, 0x00000000b3f00000, 0x00000000b4000000|  0%| F|  |TAMS 0x00000000b3f00000, 0x00000000b3f00000| Untracked 
| 320|0x00000000b4000000, 0x00000000b4000000, 0x00000000b4100000|  0%| F|  |TAMS 0x00000000b4000000, 0x00000000b4000000| Untracked 
| 321|0x00000000b4100000, 0x00000000b4100000, 0x00000000b4200000|  0%| F|  |TAMS 0x00000000b4100000, 0x00000000b4100000| Untracked 
| 322|0x00000000b4200000, 0x00000000b4200000, 0x00000000b4300000|  0%| F|  |TAMS 0x00000000b4200000, 0x00000000b4200000| Untracked 
| 323|0x00000000b4300000, 0x00000000b4300000, 0x00000000b4400000|  0%| F|  |TAMS 0x00000000b4300000, 0x00000000b4300000| Untracked 
| 324|0x00000000b4400000, 0x00000000b4400000, 0x00000000b4500000|  0%| F|  |TAMS 0x00000000b4400000, 0x00000000b4400000| Untracked 
| 325|0x00000000b4500000, 0x00000000b4500000, 0x00000000b4600000|  0%| F|  |TAMS 0x00000000b4500000, 0x00000000b4500000| Untracked 
| 326|0x00000000b4600000, 0x00000000b4600000, 0x00000000b4700000|  0%| F|  |TAMS 0x00000000b4600000, 0x00000000b4600000| Untracked 
| 327|0x00000000b4700000, 0x00000000b4700000, 0x00000000b4800000|  0%| F|  |TAMS 0x00000000b4700000, 0x00000000b4700000| Untracked 
| 328|0x00000000b4800000, 0x00000000b4800000, 0x00000000b4900000|  0%| F|  |TAMS 0x00000000b4800000, 0x00000000b4800000| Untracked 
| 329|0x00000000b4900000, 0x00000000b4900000, 0x00000000b4a00000|  0%| F|  |TAMS 0x00000000b4900000, 0x00000000b4900000| Untracked 
| 330|0x00000000b4a00000, 0x00000000b4a00000, 0x00000000b4b00000|  0%| F|  |TAMS 0x00000000b4a00000, 0x00000000b4a00000| Untracked 
| 331|0x00000000b4b00000, 0x00000000b4b00000, 0x00000000b4c00000|  0%| F|  |TAMS 0x00000000b4b00000, 0x00000000b4b00000| Untracked 
| 332|0x00000000b4c00000, 0x00000000b4c00000, 0x00000000b4d00000|  0%| F|  |TAMS 0x00000000b4c00000, 0x00000000b4c00000| Untracked 
| 333|0x00000000b4d00000, 0x00000000b4d00000, 0x00000000b4e00000|  0%| F|  |TAMS 0x00000000b4d00000, 0x00000000b4d00000| Untracked 
| 334|0x00000000b4e00000, 0x00000000b4e00000, 0x00000000b4f00000|  0%| F|  |TAMS 0x00000000b4e00000, 0x00000000b4e00000| Untracked 
| 335|0x00000000b4f00000, 0x00000000b4f00000, 0x00000000b5000000|  0%| F|  |TAMS 0x00000000b4f00000, 0x00000000b4f00000| Untracked 
| 336|0x00000000b5000000, 0x00000000b5000000, 0x00000000b5100000|  0%| F|  |TAMS 0x00000000b5000000, 0x00000000b5000000| Untracked 
| 337|0x00000000b5100000, 0x00000000b5100000, 0x00000000b5200000|  0%| F|  |TAMS 0x00000000b5100000, 0x00000000b5100000| Untracked 
| 338|0x00000000b5200000, 0x00000000b5200000, 0x00000000b5300000|  0%| F|  |TAMS 0x00000000b5200000, 0x00000000b5200000| Untracked 
| 339|0x00000000b5300000, 0x00000000b5300000, 0x00000000b5400000|  0%| F|  |TAMS 0x00000000b5300000, 0x00000000b5300000| Untracked 
| 340|0x00000000b5400000, 0x00000000b5400000, 0x00000000b5500000|  0%| F|  |TAMS 0x00000000b5400000, 0x00000000b5400000| Untracked 
| 341|0x00000000b5500000, 0x00000000b5500000, 0x00000000b5600000|  0%| F|  |TAMS 0x00000000b5500000, 0x00000000b5500000| Untracked 
| 342|0x00000000b5600000, 0x00000000b5600000, 0x00000000b5700000|  0%| F|  |TAMS 0x00000000b5600000, 0x00000000b5600000| Untracked 
| 343|0x00000000b5700000, 0x00000000b5700000, 0x00000000b5800000|  0%| F|  |TAMS 0x00000000b5700000, 0x00000000b5700000| Untracked 
| 344|0x00000000b5800000, 0x00000000b5800000, 0x00000000b5900000|  0%| F|  |TAMS 0x00000000b5800000, 0x00000000b5800000| Untracked 
| 345|0x00000000b5900000, 0x00000000b5900000, 0x00000000b5a00000|  0%| F|  |TAMS 0x00000000b5900000, 0x00000000b5900000| Untracked 
| 346|0x00000000b5a00000, 0x00000000b5a00000, 0x00000000b5b00000|  0%| F|  |TAMS 0x00000000b5a00000, 0x00000000b5a00000| Untracked 
| 347|0x00000000b5b00000, 0x00000000b5b83e68, 0x00000000b5c00000| 51%| E|  |TAMS 0x00000000b5b00000, 0x00000000b5b00000| Complete 
| 348|0x00000000b5c00000, 0x00000000b5d00000, 0x00000000b5d00000|100%| E|CS|TAMS 0x00000000b5c00000, 0x00000000b5c00000| Complete 
| 349|0x00000000b5d00000, 0x00000000b5e00000, 0x00000000b5e00000|100%| E|CS|TAMS 0x00000000b5d00000, 0x00000000b5d00000| Complete 
| 350|0x00000000b5e00000, 0x00000000b5f00000, 0x00000000b5f00000|100%| E|CS|TAMS 0x00000000b5e00000, 0x00000000b5e00000| Complete 
| 351|0x00000000b5f00000, 0x00000000b6000000, 0x00000000b6000000|100%| E|CS|TAMS 0x00000000b5f00000, 0x00000000b5f00000| Complete 
| 352|0x00000000b6000000, 0x00000000b6100000, 0x00000000b6100000|100%| E|CS|TAMS 0x00000000b6000000, 0x00000000b6000000| Complete 
| 353|0x00000000b6100000, 0x00000000b6200000, 0x00000000b6200000|100%| E|CS|TAMS 0x00000000b6100000, 0x00000000b6100000| Complete 
| 354|0x00000000b6200000, 0x00000000b6300000, 0x00000000b6300000|100%| E|CS|TAMS 0x00000000b6200000, 0x00000000b6200000| Complete 
| 355|0x00000000b6300000, 0x00000000b6400000, 0x00000000b6400000|100%| E|CS|TAMS 0x00000000b6300000, 0x00000000b6300000| Complete 
| 356|0x00000000b6400000, 0x00000000b6500000, 0x00000000b6500000|100%| E|CS|TAMS 0x00000000b6400000, 0x00000000b6400000| Complete 
| 357|0x00000000b6500000, 0x00000000b6600000, 0x00000000b6600000|100%| E|CS|TAMS 0x00000000b6500000, 0x00000000b6500000| Complete 
| 358|0x00000000b6600000, 0x00000000b6700000, 0x00000000b6700000|100%| E|CS|TAMS 0x00000000b6600000, 0x00000000b6600000| Complete 
| 359|0x00000000b6700000, 0x00000000b6800000, 0x00000000b6800000|100%| E|CS|TAMS 0x00000000b6700000, 0x00000000b6700000| Complete 
| 360|0x00000000b6800000, 0x00000000b6900000, 0x00000000b6900000|100%| E|CS|TAMS 0x00000000b6800000, 0x00000000b6800000| Complete 
| 361|0x00000000b6900000, 0x00000000b6a00000, 0x00000000b6a00000|100%| E|CS|TAMS 0x00000000b6900000, 0x00000000b6900000| Complete 
| 362|0x00000000b6a00000, 0x00000000b6b00000, 0x00000000b6b00000|100%| E|CS|TAMS 0x00000000b6a00000, 0x00000000b6a00000| Complete 
| 363|0x00000000b6b00000, 0x00000000b6c00000, 0x00000000b6c00000|100%| E|CS|TAMS 0x00000000b6b00000, 0x00000000b6b00000| Complete 
| 364|0x00000000b6c00000, 0x00000000b6d00000, 0x00000000b6d00000|100%| E|CS|TAMS 0x00000000b6c00000, 0x00000000b6c00000| Complete 
| 365|0x00000000b6d00000, 0x00000000b6e00000, 0x00000000b6e00000|100%| E|CS|TAMS 0x00000000b6d00000, 0x00000000b6d00000| Complete 
| 366|0x00000000b6e00000, 0x00000000b6f00000, 0x00000000b6f00000|100%| E|CS|TAMS 0x00000000b6e00000, 0x00000000b6e00000| Complete 
| 367|0x00000000b6f00000, 0x00000000b7000000, 0x00000000b7000000|100%| E|CS|TAMS 0x00000000b6f00000, 0x00000000b6f00000| Complete 
| 368|0x00000000b7000000, 0x00000000b7100000, 0x00000000b7100000|100%| E|CS|TAMS 0x00000000b7000000, 0x00000000b7000000| Complete 
| 369|0x00000000b7100000, 0x00000000b7200000, 0x00000000b7200000|100%| E|CS|TAMS 0x00000000b7100000, 0x00000000b7100000| Complete 
| 370|0x00000000b7200000, 0x00000000b7300000, 0x00000000b7300000|100%| E|CS|TAMS 0x00000000b7200000, 0x00000000b7200000| Complete 
| 371|0x00000000b7300000, 0x00000000b7400000, 0x00000000b7400000|100%| E|CS|TAMS 0x00000000b7300000, 0x00000000b7300000| Complete 
| 372|0x00000000b7400000, 0x00000000b7500000, 0x00000000b7500000|100%| E|CS|TAMS 0x00000000b7400000, 0x00000000b7400000| Complete 
| 373|0x00000000b7500000, 0x00000000b7600000, 0x00000000b7600000|100%| E|CS|TAMS 0x00000000b7500000, 0x00000000b7500000| Complete 
| 374|0x00000000b7600000, 0x00000000b7700000, 0x00000000b7700000|100%| E|CS|TAMS 0x00000000b7600000, 0x00000000b7600000| Complete 

Card table byte_map: [0x0000029bc2060000,0x0000029bc2360000] _byte_map_base: 0x0000029bc1b60000

Marking Bits (Prev, Next): (CMBitMap*) 0x0000029ba9f04df0, (CMBitMap*) 0x0000029ba9f04e30
 Prev Bits: [0x0000029bc2660000, 0x0000029bc3e60000)
 Next Bits: [0x0000029bc3e60000, 0x0000029bc5660000)

Polling page: 0x0000029ba7c70000

Metaspace:

Usage:
  Non-class:     87.97 MB used.
      Class:     14.31 MB used.
       Both:    102.28 MB used.

Virtual space:
  Non-class space:      128.00 MB reserved,      88.75 MB ( 69%) committed,  2 nodes.
      Class space:      416.00 MB reserved,      14.94 MB (  4%) committed,  1 nodes.
             Both:      544.00 MB reserved,     103.69 MB ( 19%) committed. 

Chunk freelists:
   Non-Class:  6.64 MB
       Class:  1.11 MB
        Both:  7.74 MB

MaxMetaspaceSize: 512.00 MB
CompressedClassSpaceSize: 416.00 MB
Initial GC threshold: 21.00 MB
Current GC threshold: 169.31 MB
CDS: on
MetaspaceReclaimPolicy: balanced
 - commit_granule_bytes: 65536.
 - commit_granule_words: 8192.
 - virtual_space_node_default_size: 8388608.
 - enlarge_chunks_in_place: 1.
 - new_chunks_are_fully_committed: 0.
 - uncommit_free_chunks: 1.
 - use_allocation_guard: 0.
 - handle_deallocations: 1.


Internal statistics:

num_allocs_failed_limit: 6.
num_arena_births: 1924.
num_arena_deaths: 0.
num_vsnodes_births: 3.
num_vsnodes_deaths: 0.
num_space_committed: 1659.
num_space_uncommitted: 0.
num_chunks_returned_to_freelist: 6.
num_chunks_taken_from_freelist: 6887.
num_chunk_merges: 6.
num_chunk_splits: 4353.
num_chunks_enlarged: 2617.
num_inconsistent_stats: 0.

CodeHeap 'non-profiled nmethods': size=128192Kb used=12453Kb max_used=12453Kb free=115738Kb
 bounds [0x0000029bb9cf0000, 0x0000029bba920000, 0x0000029bc1a20000]
CodeHeap 'profiled nmethods': size=128192Kb used=27437Kb max_used=27437Kb free=100754Kb
 bounds [0x0000029bb1a20000, 0x0000029bb34f0000, 0x0000029bb9750000]
CodeHeap 'non-nmethods': size=5760Kb used=2444Kb max_used=2559Kb free=3315Kb
 bounds [0x0000029bb9750000, 0x0000029bb99f0000, 0x0000029bb9cf0000]
 total_blobs=15209 nmethods=14229 adapters=890
 compilation: enabled
              stopped_count=0, restarted_count=0
 full_count=0

Compilation events (20 events):
Event: 96.861 Thread 0x0000029bc89bcb70 16522       4       java.util.regex.Matcher::matches (10 bytes)
Event: 96.870 Thread 0x0000029bc81f7510 16523       3       kotlin.text.Regex::matches (18 bytes)
Event: 96.870 Thread 0x0000029bc81f7510 nmethod 16523 0x0000029bb34ec790 code [0x0000029bb34ec9c0, 0x0000029bb34ed058]
Event: 96.871 Thread 0x0000029bc81f7510 16525       3       java.util.regex.Pattern$CharProperty::match (71 bytes)
Event: 96.871 Thread 0x0000029bc81f7510 nmethod 16525 0x0000029bb34ed310 code [0x0000029bb34ed500, 0x0000029bb34ed9e8]
Event: 96.872 Thread 0x0000029bc81f7510 16528       3       org.jetbrains.kotlin.statistics.BuildSessionLogger$Companion::getSTATISTICS_FILE_NAME_PATTERN (4 bytes)
Event: 96.872 Thread 0x0000029bc81f7510 nmethod 16528 0x0000029bb34edb90 code [0x0000029bb34edd40, 0x0000029bb34edeb8]
Event: 96.872 Thread 0x0000029bc81f7510 16529       3       org.jetbrains.kotlin.statistics.BuildSessionLogger::access$getSTATISTICS_FILE_NAME_PATTERN$cp (4 bytes)
Event: 96.872 Thread 0x0000029bc81f7510 nmethod 16529 0x0000029bb2392410 code [0x0000029bb23925a0, 0x0000029bb2392698]
Event: 96.882 Thread 0x0000029bc89bcb70 nmethod 16522 0x0000029bba915f10 code [0x0000029bba9160c0, 0x0000029bba916778]
Event: 96.882 Thread 0x0000029bc89bcb70 16524       4       java.util.regex.Pattern$BmpCharPropertyGreedy::match (89 bytes)
Event: 96.891 Thread 0x0000029bc89bcb70 nmethod 16524 0x0000029bba916b10 code [0x0000029bba916cc0, 0x0000029bba917258]
Event: 96.891 Thread 0x0000029bc89bcb70 16526       4       java.util.regex.CharPredicates$$Lambda$21/0x0000029bca047a60::is (5 bytes)
Event: 96.891 Thread 0x0000029bc89bcb70 nmethod 16526 0x0000029bba917690 code [0x0000029bba917820, 0x0000029bba917918]
Event: 96.891 Thread 0x0000029bc89bcb70 16527       4       java.lang.Character::codePointAt (51 bytes)
Event: 96.893 Thread 0x0000029bc89bcb70 nmethod 16527 0x0000029bba917a10 code [0x0000029bba917ba0, 0x0000029bba917cf8]
Event: 96.893 Thread 0x0000029bc89bcb70 16530       4       java.util.regex.Pattern$$Lambda$19/0x0000029bca0465d8::is (5 bytes)
Event: 96.894 Thread 0x0000029bc89bcb70 nmethod 16530 0x0000029bba918310 code [0x0000029bba9184a0, 0x0000029bba918578]
Event: 96.894 Thread 0x0000029bc89bcb70 16531       4       java.util.regex.Pattern$CharProperty::match (71 bytes)
Event: 96.911 Thread 0x0000029bc89bcb70 nmethod 16531 0x0000029bba918690 code [0x0000029bba918840, 0x0000029bba918f58]

GC Heap History (20 events):
Event: 73.518 GC heap before
{Heap before GC invocations=94 (full 0):
 garbage-first heap   total 384000K, used 237776K [0x00000000a0000000, 0x0000000100000000)
  region size 1024K, 18 young (18432K), 3 survivors (3072K)
 Metaspace       used 102757K, committed 104000K, reserved 557056K
  class space    used 14373K, committed 14912K, reserved 425984K
}
Event: 73.527 GC heap after
{Heap after GC invocations=95 (full 0):
 garbage-first heap   total 384000K, used 204836K [0x00000000a0000000, 0x0000000100000000)
  region size 1024K, 3 young (3072K), 3 survivors (3072K)
 Metaspace       used 102757K, committed 104000K, reserved 557056K
  class space    used 14373K, committed 14912K, reserved 425984K
}
Event: 75.644 GC heap before
{Heap before GC invocations=95 (full 0):
 garbage-first heap   total 384000K, used 310308K [0x00000000a0000000, 0x0000000100000000)
  region size 1024K, 106 young (108544K), 3 survivors (3072K)
 Metaspace       used 102876K, committed 104064K, reserved 557056K
  class space    used 14389K, committed 14912K, reserved 425984K
}
Event: 75.651 GC heap after
{Heap after GC invocations=96 (full 0):
 garbage-first heap   total 384000K, used 209233K [0x00000000a0000000, 0x0000000100000000)
  region size 1024K, 7 young (7168K), 7 survivors (7168K)
 Metaspace       used 102876K, committed 104064K, reserved 557056K
  class space    used 14389K, committed 14912K, reserved 425984K
}
Event: 80.301 GC heap before
{Heap before GC invocations=96 (full 0):
 garbage-first heap   total 384000K, used 312657K [0x00000000a0000000, 0x0000000100000000)
  region size 1024K, 109 young (111616K), 7 survivors (7168K)
 Metaspace       used 103027K, committed 104192K, reserved 557056K
  class space    used 14409K, committed 14912K, reserved 425984K
}
Event: 80.310 GC heap after
{Heap after GC invocations=97 (full 0):
 garbage-first heap   total 384000K, used 213938K [0x00000000a0000000, 0x0000000100000000)
  region size 1024K, 12 young (12288K), 12 survivors (12288K)
 Metaspace       used 103027K, committed 104192K, reserved 557056K
  class space    used 14409K, committed 14912K, reserved 425984K
}
Event: 83.053 GC heap before
{Heap before GC invocations=97 (full 0):
 garbage-first heap   total 384000K, used 314290K [0x00000000a0000000, 0x0000000100000000)
  region size 1024K, 111 young (113664K), 12 survivors (12288K)
 Metaspace       used 103152K, committed 104384K, reserved 557056K
  class space    used 14427K, committed 14976K, reserved 425984K
}
Event: 83.062 GC heap after
{Heap after GC invocations=98 (full 0):
 garbage-first heap   total 384000K, used 219296K [0x00000000a0000000, 0x0000000100000000)
  region size 1024K, 8 young (8192K), 8 survivors (8192K)
 Metaspace       used 103152K, committed 104384K, reserved 557056K
  class space    used 14427K, committed 14976K, reserved 425984K
}
Event: 86.055 GC heap before
{Heap before GC invocations=98 (full 0):
 garbage-first heap   total 384000K, used 316576K [0x00000000a0000000, 0x0000000100000000)
  region size 1024K, 104 young (106496K), 8 survivors (8192K)
 Metaspace       used 103239K, committed 104448K, reserved 557056K
  class space    used 14438K, committed 14976K, reserved 425984K
}
Event: 86.062 GC heap after
{Heap after GC invocations=99 (full 0):
 garbage-first heap   total 384000K, used 222944K [0x00000000a0000000, 0x0000000100000000)
  region size 1024K, 7 young (7168K), 7 survivors (7168K)
 Metaspace       used 103239K, committed 104448K, reserved 557056K
  class space    used 14438K, committed 14976K, reserved 425984K
}
Event: 88.278 GC heap before
{Heap before GC invocations=99 (full 0):
 garbage-first heap   total 384000K, used 319200K [0x00000000a0000000, 0x0000000100000000)
  region size 1024K, 102 young (104448K), 7 survivors (7168K)
 Metaspace       used 103334K, committed 104576K, reserved 557056K
  class space    used 14451K, committed 14976K, reserved 425984K
}
Event: 88.287 GC heap after
{Heap after GC invocations=100 (full 0):
 garbage-first heap   total 384000K, used 226750K [0x00000000a0000000, 0x0000000100000000)
  region size 1024K, 11 young (11264K), 11 survivors (11264K)
 Metaspace       used 103334K, committed 104576K, reserved 557056K
  class space    used 14451K, committed 14976K, reserved 425984K
}
Event: 90.251 GC heap before
{Heap before GC invocations=100 (full 0):
 garbage-first heap   total 384000K, used 320958K [0x00000000a0000000, 0x0000000100000000)
  region size 1024K, 104 young (106496K), 11 survivors (11264K)
 Metaspace       used 103414K, committed 104704K, reserved 557056K
  class space    used 14458K, committed 15040K, reserved 425984K
}
Event: 90.258 GC heap after
{Heap after GC invocations=101 (full 0):
 garbage-first heap   total 384000K, used 229332K [0x00000000a0000000, 0x0000000100000000)
  region size 1024K, 9 young (9216K), 9 survivors (9216K)
 Metaspace       used 103414K, committed 104704K, reserved 557056K
  class space    used 14458K, committed 15040K, reserved 425984K
}
Event: 93.012 GC heap before
{Heap before GC invocations=101 (full 0):
 garbage-first heap   total 384000K, used 323540K [0x00000000a0000000, 0x0000000100000000)
  region size 1024K, 101 young (103424K), 9 survivors (9216K)
 Metaspace       used 103947K, committed 105280K, reserved 557056K
  class space    used 14518K, committed 15104K, reserved 425984K
}
Event: 93.026 GC heap after
{Heap after GC invocations=102 (full 0):
 garbage-first heap   total 384000K, used 236958K [0x00000000a0000000, 0x0000000100000000)
  region size 1024K, 13 young (13312K), 13 survivors (13312K)
 Metaspace       used 103947K, committed 105280K, reserved 557056K
  class space    used 14518K, committed 15104K, reserved 425984K
}
Event: 95.214 GC heap before
{Heap before GC invocations=102 (full 0):
 garbage-first heap   total 384000K, used 321950K [0x00000000a0000000, 0x0000000100000000)
  region size 1024K, 97 young (99328K), 13 survivors (13312K)
 Metaspace       used 103948K, committed 105280K, reserved 557056K
  class space    used 14518K, committed 15104K, reserved 425984K
}
Event: 95.224 GC heap after
{Heap after GC invocations=103 (full 0):
 garbage-first heap   total 384000K, used 239846K [0x00000000a0000000, 0x0000000100000000)
  region size 1024K, 6 young (6144K), 6 survivors (6144K)
 Metaspace       used 103948K, committed 105280K, reserved 557056K
  class space    used 14518K, committed 15104K, reserved 425984K
}
Event: 96.594 GC heap before
{Heap before GC invocations=103 (full 0):
 garbage-first heap   total 384000K, used 323814K [0x00000000a0000000, 0x0000000100000000)
  region size 1024K, 89 young (91136K), 6 survivors (6144K)
 Metaspace       used 104378K, committed 105728K, reserved 557056K
  class space    used 14582K, committed 15168K, reserved 425984K
}
Event: 96.602 GC heap after
{Heap after GC invocations=104 (full 0):
 garbage-first heap   total 384000K, used 244515K [0x00000000a0000000, 0x0000000100000000)
  region size 1024K, 10 young (10240K), 10 survivors (10240K)
 Metaspace       used 104378K, committed 105728K, reserved 557056K
  class space    used 14582K, committed 15168K, reserved 425984K
}

Dll operation events (16 events):
Event: 0.017 Loaded shared library C:\Program Files\Eclipse Adoptium\jdk-17.0.17.10-hotspot\bin\java.dll
Event: 0.046 Loaded shared library C:\Program Files\Eclipse Adoptium\jdk-17.0.17.10-hotspot\bin\jsvml.dll
Event: 0.144 Loaded shared library C:\Program Files\Eclipse Adoptium\jdk-17.0.17.10-hotspot\bin\zip.dll
Event: 0.147 Loaded shared library C:\Program Files\Eclipse Adoptium\jdk-17.0.17.10-hotspot\bin\instrument.dll
Event: 0.153 Loaded shared library C:\Program Files\Eclipse Adoptium\jdk-17.0.17.10-hotspot\bin\net.dll
Event: 0.155 Loaded shared library C:\Program Files\Eclipse Adoptium\jdk-17.0.17.10-hotspot\bin\nio.dll
Event: 0.164 Loaded shared library C:\Program Files\Eclipse Adoptium\jdk-17.0.17.10-hotspot\bin\zip.dll
Event: 0.403 Loaded shared library C:\Program Files\Eclipse Adoptium\jdk-17.0.17.10-hotspot\bin\jimage.dll
Event: 0.576 Loaded shared library C:\Program Files\Eclipse Adoptium\jdk-17.0.17.10-hotspot\bin\verify.dll
Event: 0.783 Loaded shared library D:\gradle_cache\native\1def1411415f61bf3af743bc5b6707747c0891f09f0c88961ee8f79bc544acac\windows-amd64\native-platform.dll
Event: 0.800 Loaded shared library D:\gradle_cache\native\0.2.5\x86_64-windows-gnu\gradle-fileevents.dll
Event: 1.859 Loaded shared library C:\Program Files\Eclipse Adoptium\jdk-17.0.17.10-hotspot\bin\management.dll
Event: 1.862 Loaded shared library C:\Program Files\Eclipse Adoptium\jdk-17.0.17.10-hotspot\bin\management_ext.dll
Event: 2.262 Loaded shared library C:\Program Files\Eclipse Adoptium\jdk-17.0.17.10-hotspot\bin\extnet.dll
Event: 2.930 Loaded shared library C:\Program Files\Eclipse Adoptium\jdk-17.0.17.10-hotspot\bin\sunmscapi.dll
Event: 4.038 Loaded shared library C:\Users\ASUS\AppData\Local\Temp\native-platform10199757943233825352dir\gradle-fileevents.dll

Deoptimization events (20 events):
Event: 96.801 Thread 0x0000029be8202210 Uncommon trap: trap_request=0xffffff45 fr.pc=0x0000029bba300e88 relative=0x00000000000021e8
Event: 96.801 Thread 0x0000029be8202210 Uncommon trap: reason=unstable_if action=reinterpret pc=0x0000029bba300e88 method=java.lang.ClassLoader.checkCerts(Ljava/lang/String;Ljava/security/CodeSource;)V @ 30 c2
Event: 96.801 Thread 0x0000029be8202210 DEOPT PACKING pc=0x0000029bba300e88 sp=0x000000ff71dfba80
Event: 96.801 Thread 0x0000029be8202210 DEOPT UNPACKING pc=0x0000029bb97a69a3 sp=0x000000ff71dfb9b0 mode 2
Event: 96.802 Thread 0x0000029be8202210 Uncommon trap: trap_request=0xffffff45 fr.pc=0x0000029bb9f65bfc relative=0x0000000000000b5c
Event: 96.802 Thread 0x0000029be8202210 Uncommon trap: reason=unstable_if action=reinterpret pc=0x0000029bb9f65bfc method=java.lang.ClassLoader.loadClass(Ljava/lang/String;Z)Ljava/lang/Class; @ 29 c2
Event: 96.802 Thread 0x0000029be8202210 DEOPT PACKING pc=0x0000029bb9f65bfc sp=0x000000ff71df7b50
Event: 96.802 Thread 0x0000029be8202210 DEOPT UNPACKING pc=0x0000029bb97a69a3 sp=0x000000ff71df7b18 mode 2
Event: 96.834 Thread 0x0000029be8202210 Uncommon trap: trap_request=0xffffffc6 fr.pc=0x0000029bb9f010b4 relative=0x0000000000000454
Event: 96.834 Thread 0x0000029be8202210 Uncommon trap: reason=bimorphic_or_optimized_type_check action=maybe_recompile pc=0x0000029bb9f010b4 method=java.util.Spliterators$IteratorSpliterator.tryAdvance(Ljava/util/function/Consumer;)Z @ 50 c2
Event: 96.834 Thread 0x0000029be8202210 DEOPT PACKING pc=0x0000029bb9f010b4 sp=0x000000ff71dfac00
Event: 96.834 Thread 0x0000029be8202210 DEOPT UNPACKING pc=0x0000029bb97a69a3 sp=0x000000ff71dfaba0 mode 2
Event: 96.849 Thread 0x0000029be8202210 Uncommon trap: trap_request=0xffffff45 fr.pc=0x0000029bb9f78190 relative=0x00000000000001f0
Event: 96.849 Thread 0x0000029be8202210 Uncommon trap: reason=unstable_if action=reinterpret pc=0x0000029bb9f78190 method=java.security.SecureClassLoader$CodeSourceKey.hashCode()I @ 9 c2
Event: 96.849 Thread 0x0000029be8202210 DEOPT PACKING pc=0x0000029bb9f78190 sp=0x000000ff71df91a0
Event: 96.849 Thread 0x0000029be8202210 DEOPT UNPACKING pc=0x0000029bb97a69a3 sp=0x000000ff71df9130 mode 2
Event: 96.850 Thread 0x0000029be8202210 Uncommon trap: trap_request=0xffffff45 fr.pc=0x0000029bba30468c relative=0x0000000000001acc
Event: 96.850 Thread 0x0000029be8202210 Uncommon trap: reason=unstable_if action=reinterpret pc=0x0000029bba30468c method=java.lang.ClassLoader.defineClassSourceLocation(Ljava/security/ProtectionDomain;)Ljava/lang/String; @ 15 c2
Event: 96.850 Thread 0x0000029be8202210 DEOPT PACKING pc=0x0000029bba30468c sp=0x000000ff71df9290
Event: 96.850 Thread 0x0000029be8202210 DEOPT UNPACKING pc=0x0000029bb97a69a3 sp=0x000000ff71df91c0 mode 2

Classes loaded (20 events):
Event: 96.798 Loading class java/util/TreeSetBeanInfo
Event: 96.798 Loading class java/util/TreeSetBeanInfo done
Event: 96.798 Loading class java/util/AbstractSetBeanInfo
Event: 96.798 Loading class java/util/AbstractSetBeanInfo done
Event: 96.799 Loading class java/util/AbstractSetBeanInfo
Event: 96.799 Loading class java/util/AbstractSetBeanInfo done
Event: 96.799 Loading class java/util/AbstractSetCustomizer
Event: 96.799 Loading class java/util/AbstractSetCustomizer done
Event: 96.799 Loading class java/util/AbstractSetCustomizer
Event: 96.799 Loading class java/util/AbstractSetCustomizer done
Event: 96.800 Loading class java/util/TreeSetCustomizer
Event: 96.800 Loading class java/util/TreeSetCustomizer done
Event: 96.800 Loading class java/util/TreeSetCustomizer
Event: 96.800 Loading class java/util/TreeSetCustomizer done
Event: 96.846 Loading class sun/reflect/misc/MethodUtil
Event: 96.848 Loading class sun/reflect/misc/MethodUtil done
Event: 96.849 Loading class sun/reflect/misc/MethodUtil$1
Event: 96.849 Loading class sun/reflect/misc/MethodUtil$1 done
Event: 96.858 Loading class java/util/regex/Pattern$1
Event: 96.858 Loading class java/util/regex/Pattern$1 done

Classes unloaded (0 events):
No events

Classes redefined (0 events):
No events

Internal exceptions (20 events):
Event: 96.749 Thread 0x0000029be8202210 Exception <a 'java/lang/ClassNotFoundException'{0x00000000b66f5448}: org/gradle/api/internal/DelegatingDomainObjectSetCustomizer> (0x00000000b66f5448) 
thrown [s\src\hotspot\share\classfile\systemDictionary.cpp, line 256]
Event: 96.752 Thread 0x0000029be8202210 Exception <a 'java/lang/ClassNotFoundException'{0x00000000b652ed38}: org/gradle/api/internal/DelegatingNamedDomainObjectSetCustomizer> (0x00000000b652ed38) 
thrown [s\src\hotspot\share\classfile\systemDictionary.cpp, line 256]
Event: 96.754 Thread 0x0000029be8202210 Exception <a 'java/lang/ClassNotFoundException'{0x00000000b6575260}: org/gradle/api/internal/tasks/DefaultRealizableTaskCollectionCustomizer> (0x00000000b6575260) 
thrown [s\src\hotspot\share\classfile\systemDictionary.cpp, line 256]
Event: 96.757 Thread 0x0000029be8202210 Exception <a 'java/lang/ClassNotFoundException'{0x00000000b65d04b0}: org/gradle/api/internal/tasks/DefaultRealizableTaskCollection_DecoratedCustomizer> (0x00000000b65d04b0) 
thrown [s\src\hotspot\share\classfile\systemDictionary.cpp, line 256]
Event: 96.765 Thread 0x0000029be8202210 Exception <a 'java/lang/ClassNotFoundException'{0x00000000b63f5738}: org/codehaus/groovy/runtime/NullObjectBeanInfo> (0x00000000b63f5738) 
thrown [s\src\hotspot\share\classfile\systemDictionary.cpp, line 256]
Event: 96.768 Thread 0x0000029be8202210 Exception <a 'java/lang/ClassNotFoundException'{0x00000000b61c07b0}: org/codehaus/groovy/runtime/NullObjectCustomizer> (0x00000000b61c07b0) 
thrown [s\src\hotspot\share\classfile\systemDictionary.cpp, line 256]
Event: 96.779 Thread 0x0000029be8202210 Exception <a 'java/lang/ClassNotFoundException'{0x00000000b6037050}: org/gradle/util/GradleVersionBeanInfo> (0x00000000b6037050) 
thrown [s\src\hotspot\share\classfile\systemDictionary.cpp, line 256]
Event: 96.780 Thread 0x0000029be8202210 Exception <a 'java/lang/ClassNotFoundException'{0x00000000b603e4f8}: org/gradle/util/GradleVersionCustomizer> (0x00000000b603e4f8) 
thrown [s\src\hotspot\share\classfile\systemDictionary.cpp, line 256]
Event: 96.784 Thread 0x0000029be8202210 Exception <a 'java/lang/ClassNotFoundException'{0x00000000b606d7e8}: org/gradle/util/internal/DefaultGradleVersionBeanInfo> (0x00000000b606d7e8) 
thrown [s\src\hotspot\share\classfile\systemDictionary.cpp, line 256]
Event: 96.785 Thread 0x0000029be8202210 Exception <a 'java/lang/ClassNotFoundException'{0x00000000b6075638}: org/gradle/util/internal/DefaultGradleVersionCustomizer> (0x00000000b6075638) 
thrown [s\src\hotspot\share\classfile\systemDictionary.cpp, line 256]
Event: 96.791 Thread 0x0000029be8202210 Exception <a 'java/lang/ClassNotFoundException'{0x00000000b60f2b80}: java/util/HashMapBeanInfo> (0x00000000b60f2b80) 
thrown [s\src\hotspot\share\classfile\systemDictionary.cpp, line 256]
Event: 96.791 Thread 0x0000029be8202210 Exception <a 'java/lang/ClassNotFoundException'{0x00000000b60f7580}: java/util/AbstractMapBeanInfo> (0x00000000b60f7580) 
thrown [s\src\hotspot\share\classfile\systemDictionary.cpp, line 256]
Event: 96.792 Thread 0x0000029be8202210 Exception <a 'java/lang/ClassNotFoundException'{0x00000000b60fbfd8}: java/util/AbstractMapCustomizer> (0x00000000b60fbfd8) 
thrown [s\src\hotspot\share\classfile\systemDictionary.cpp, line 256]
Event: 96.793 Thread 0x0000029be8202210 Exception <a 'java/lang/ClassNotFoundException'{0x00000000b5f30fc8}: java/util/HashMapCustomizer> (0x00000000b5f30fc8) 
thrown [s\src\hotspot\share\classfile\systemDictionary.cpp, line 256]
Event: 96.798 Thread 0x0000029be8202210 Exception <a 'java/lang/ClassNotFoundException'{0x00000000b5e76cf8}: java/util/TreeSetBeanInfo> (0x00000000b5e76cf8) 
thrown [s\src\hotspot\share\classfile\systemDictionary.cpp, line 256]
Event: 96.799 Thread 0x0000029be8202210 Exception <a 'java/lang/ClassNotFoundException'{0x00000000b5e7b450}: java/util/AbstractSetBeanInfo> (0x00000000b5e7b450) 
thrown [s\src\hotspot\share\classfile\systemDictionary.cpp, line 256]
Event: 96.799 Thread 0x0000029be8202210 Exception <a 'java/lang/ClassNotFoundException'{0x00000000b5e80158}: java/util/AbstractSetCustomizer> (0x00000000b5e80158) 
thrown [s\src\hotspot\share\classfile\systemDictionary.cpp, line 256]
Event: 96.800 Thread 0x0000029be8202210 Exception <a 'java/lang/ClassNotFoundException'{0x00000000b5ea1120}: java/util/TreeSetCustomizer> (0x00000000b5ea1120) 
thrown [s\src\hotspot\share\classfile\systemDictionary.cpp, line 256]
Event: 96.801 Thread 0x0000029be8202210 Implicit null exception at 0x0000029bba2ff092 to 0x0000029bba300e3c
Event: 96.849 Thread 0x0000029be8202210 Implicit null exception at 0x0000029bb9f77fe0 to 0x0000029bb9f78180

VM Operations (20 events):
Event: 88.071 Executing VM operation: Cleanup
Event: 88.071 Executing VM operation: Cleanup done
Event: 88.278 Executing VM operation: G1CollectForAllocation
Event: 88.287 Executing VM operation: G1CollectForAllocation done
Event: 90.251 Executing VM operation: G1CollectForAllocation
Event: 90.258 Executing VM operation: G1CollectForAllocation done
Event: 91.259 Executing VM operation: Cleanup
Event: 91.259 Executing VM operation: Cleanup done
Event: 92.260 Executing VM operation: Cleanup
Event: 92.260 Executing VM operation: Cleanup done
Event: 93.012 Executing VM operation: G1CollectForAllocation
Event: 93.026 Executing VM operation: G1CollectForAllocation done
Event: 94.035 Executing VM operation: Cleanup
Event: 94.035 Executing VM operation: Cleanup done
Event: 95.214 Executing VM operation: G1CollectForAllocation
Event: 95.224 Executing VM operation: G1CollectForAllocation done
Event: 96.229 Executing VM operation: Cleanup
Event: 96.229 Executing VM operation: Cleanup done
Event: 96.594 Executing VM operation: G1CollectForAllocation
Event: 96.602 Executing VM operation: G1CollectForAllocation done

Memory protections (0 events):
No events

Nmethod flushes (20 events):
Event: 28.604 Thread 0x0000029bc8255d60 flushing  nmethod 0x0000029bb2d6a510
Event: 28.604 Thread 0x0000029bc8255d60 flushing  nmethod 0x0000029bb2d6e890
Event: 28.604 Thread 0x0000029bc8255d60 flushing  nmethod 0x0000029bb2d75810
Event: 28.604 Thread 0x0000029bc8255d60 flushing  nmethod 0x0000029bb2d78b10
Event: 28.605 Thread 0x0000029bc8255d60 flushing  nmethod 0x0000029bb2e13490
Event: 28.605 Thread 0x0000029bc8255d60 flushing  nmethod 0x0000029bb2e55290
Event: 28.605 Thread 0x0000029bc8255d60 flushing  nmethod 0x0000029bb2eda890
Event: 28.605 Thread 0x0000029bc8255d60 flushing  nmethod 0x0000029bb2ef4f90
Event: 28.606 Thread 0x0000029bc8255d60 flushing  nmethod 0x0000029bb2faa390
Event: 28.606 Thread 0x0000029bc8255d60 flushing  nmethod 0x0000029bb303ca90
Event: 71.597 Thread 0x0000029bc8255d60 flushing  nmethod 0x0000029bb1a80290
Event: 71.598 Thread 0x0000029bc8255d60 flushing  nmethod 0x0000029bb1b4ac90
Event: 71.599 Thread 0x0000029bc8255d60 flushing  nmethod 0x0000029bb1bfd590
Event: 71.600 Thread 0x0000029bc8255d60 flushing  nmethod 0x0000029bb1d0fd90
Event: 71.603 Thread 0x0000029bc8255d60 flushing  nmethod 0x0000029bb217f990
Event: 71.603 Thread 0x0000029bc8255d60 flushing  nmethod 0x0000029bb21f6690
Event: 71.607 Thread 0x0000029bc8255d60 flushing  nmethod 0x0000029bb269bc10
Event: 71.608 Thread 0x0000029bc8255d60 flushing  nmethod 0x0000029bb288a990
Event: 71.608 Thread 0x0000029bc8255d60 flushing  nmethod 0x0000029bb288d910
Event: 71.614 Thread 0x0000029bc8255d60 flushing  nmethod 0x0000029bb2fb9e10

Events (20 events):
Event: 75.490 Thread 0x0000029bc81f27d0 Thread added: 0x0000029bc89b8bb0
Event: 75.622 Thread 0x0000029bc81f7510 Thread added: 0x0000029bc89bcb70
Event: 76.590 Thread 0x0000029bc89bcb70 Thread exited: 0x0000029bc89bcb70
Event: 76.638 Thread 0x0000029bc89b8bb0 Thread exited: 0x0000029bc89b8bb0
Event: 77.701 Thread 0x0000029bed1b30e0 Thread exited: 0x0000029bed1b30e0
Event: 81.787 Thread 0x0000029bc81f7510 Thread added: 0x0000029bc89b8bb0
Event: 82.147 Thread 0x0000029bc89b8bb0 Thread added: 0x0000029bc89bcb70
Event: 82.489 Thread 0x0000029bc89bcb70 Thread exited: 0x0000029bc89bcb70
Event: 83.212 Thread 0x0000029bc89b8bb0 Thread exited: 0x0000029bc89b8bb0
Event: 86.088 Thread 0x0000029bc81f7510 Thread added: 0x0000029bc89b8bb0
Event: 86.212 Thread 0x0000029bc81f7510 Thread added: 0x0000029bc89bd610
Event: 86.595 Thread 0x0000029bc89bd610 Thread exited: 0x0000029bc89bd610
Event: 86.595 Thread 0x0000029bc89b8bb0 Thread exited: 0x0000029bc89b8bb0
Event: 90.641 Thread 0x0000029bc81f7510 Thread added: 0x0000029bc89bcb70
Event: 90.844 Thread 0x0000029bc89bcb70 Thread exited: 0x0000029bc89bcb70
Event: 91.373 Thread 0x0000029bc81f7510 Thread added: 0x0000029bc89bd610
Event: 91.588 Thread 0x0000029bc89bd610 Thread exited: 0x0000029bc89bd610
Event: 92.726 Thread 0x0000029bc81f27d0 Thread added: 0x0000029bc89bcb70
Event: 93.939 Thread 0x0000029bc89bcb70 Thread exited: 0x0000029bc89bcb70
Event: 96.326 Thread 0x0000029bc81f7510 Thread added: 0x0000029bc89bcb70


Dynamic libraries:
0x00007ff73ab10000 - 0x00007ff73ab1e000 	C:\Program Files\Eclipse Adoptium\jdk-17.0.17.10-hotspot\bin\java.exe
0x00007ff8cf2c0000 - 0x00007ff8cf527000 	C:\WINDOWS\SYSTEM32\ntdll.dll
0x00007ff8cf090000 - 0x00007ff8cf159000 	C:\WINDOWS\System32\KERNEL32.DLL
0x00007ff8ccb60000 - 0x00007ff8ccf54000 	C:\WINDOWS\System32\KERNELBASE.dll
0x00007ff8cbb90000 - 0x00007ff8cbcdb000 	C:\WINDOWS\System32\ucrtbase.dll
0x00007ff859890000 - 0x00007ff8598ae000 	C:\Program Files\Eclipse Adoptium\jdk-17.0.17.10-hotspot\bin\VCRUNTIME140.dll
0x00007ff8a1930000 - 0x00007ff8a1948000 	C:\Program Files\Eclipse Adoptium\jdk-17.0.17.10-hotspot\bin\jli.dll
0x00007ff8ce9e0000 - 0x00007ff8ceba5000 	C:\WINDOWS\System32\USER32.dll
0x00007ff8ccf60000 - 0x00007ff8ccf87000 	C:\WINDOWS\System32\win32u.dll
0x00007ff8ce8f0000 - 0x00007ff8ce91b000 	C:\WINDOWS\System32\GDI32.dll
0x00007ff8cc9a0000 - 0x00007ff8ccacb000 	C:\WINDOWS\System32\gdi32full.dll
0x00007ff8cc780000 - 0x00007ff8cc823000 	C:\WINDOWS\System32\msvcp_win.dll
0x00007ff8b4060000 - 0x00007ff8b42f3000 	C:\WINDOWS\WinSxS\amd64_microsoft.windows.common-controls_6595b64144ccf1df_6.0.26100.8115_none_3e075c82e3354f9c\COMCTL32.dll
0x00007ff8cd920000 - 0x00007ff8cd9c9000 	C:\WINDOWS\System32\msvcrt.dll
0x00007ff8cf160000 - 0x00007ff8cf192000 	C:\WINDOWS\System32\IMM32.DLL
0x00007ff8c4710000 - 0x00007ff8c471c000 	C:\Program Files\Eclipse Adoptium\jdk-17.0.17.10-hotspot\bin\vcruntime140_1.dll
0x00007ff8a16d0000 - 0x00007ff8a175d000 	C:\Program Files\Eclipse Adoptium\jdk-17.0.17.10-hotspot\bin\msvcp140.dll
0x00007ff8598b0000 - 0x00007ff85a51b000 	C:\Program Files\Eclipse Adoptium\jdk-17.0.17.10-hotspot\bin\server\jvm.dll
0x00007ff8ceda0000 - 0x00007ff8cee56000 	C:\WINDOWS\System32\ADVAPI32.dll
0x00007ff8ce660000 - 0x00007ff8ce707000 	C:\WINDOWS\System32\sechost.dll
0x00007ff8cdb00000 - 0x00007ff8cdc18000 	C:\WINDOWS\System32\RPCRT4.dll
0x00007ff8cf000000 - 0x00007ff8cf080000 	C:\WINDOWS\System32\WS2_32.dll
0x00007ff8cb9f0000 - 0x00007ff8cba4e000 	C:\WINDOWS\SYSTEM32\POWRPROF.dll
0x00007ff8b9eb0000 - 0x00007ff8b9ee6000 	C:\WINDOWS\SYSTEM32\WINMM.dll
0x00007ff8c25d0000 - 0x00007ff8c25db000 	C:\WINDOWS\SYSTEM32\VERSION.dll
0x00007ff8cb9d0000 - 0x00007ff8cb9e4000 	C:\WINDOWS\SYSTEM32\UMPDC.dll
0x00007ff8ca8e0000 - 0x00007ff8ca8fb000 	C:\WINDOWS\SYSTEM32\kernel.appcore.dll
0x00007ff8bef20000 - 0x00007ff8bef2a000 	C:\Program Files\Eclipse Adoptium\jdk-17.0.17.10-hotspot\bin\jimage.dll
0x00007ff8c9810000 - 0x00007ff8c9a52000 	C:\WINDOWS\SYSTEM32\DBGHELP.DLL
0x00007ff8cd050000 - 0x00007ff8cd3d2000 	C:\WINDOWS\System32\combase.dll
0x00007ff8cdcb0000 - 0x00007ff8cdd88000 	C:\WINDOWS\System32\OLEAUT32.dll
0x00007ff8b02f0000 - 0x00007ff8b032b000 	C:\WINDOWS\SYSTEM32\dbgcore.DLL
0x00007ff8cc6d0000 - 0x00007ff8cc775000 	C:\WINDOWS\System32\bcryptPrimitives.dll
0x00007ff8c45a0000 - 0x00007ff8c45ae000 	C:\Program Files\Eclipse Adoptium\jdk-17.0.17.10-hotspot\bin\instrument.dll
0x00007ff859820000 - 0x00007ff859845000 	C:\Program Files\Eclipse Adoptium\jdk-17.0.17.10-hotspot\bin\java.dll
0x00007ff859330000 - 0x00007ff859407000 	C:\Program Files\Eclipse Adoptium\jdk-17.0.17.10-hotspot\bin\jsvml.dll
0x00007ff8cdd90000 - 0x00007ff8ce4f7000 	C:\WINDOWS\System32\SHELL32.dll
0x00007ff8cc830000 - 0x00007ff8cc99a000 	C:\WINDOWS\System32\wintypes.dll
0x00007ff8cbce0000 - 0x00007ff8cc548000 	C:\WINDOWS\System32\windows.storage.dll
0x00007ff8cda00000 - 0x00007ff8cdaf8000 	C:\WINDOWS\System32\SHCORE.dll
0x00007ff8cecb0000 - 0x00007ff8ced16000 	C:\WINDOWS\System32\shlwapi.dll
0x00007ff8cbab0000 - 0x00007ff8cbad9000 	C:\WINDOWS\SYSTEM32\profapi.dll
0x00007ff8592f0000 - 0x00007ff859308000 	C:\Program Files\Eclipse Adoptium\jdk-17.0.17.10-hotspot\bin\zip.dll
0x00007ff859310000 - 0x00007ff85932a000 	C:\Program Files\Eclipse Adoptium\jdk-17.0.17.10-hotspot\bin\net.dll
0x00007ff8c20e0000 - 0x00007ff8c220d000 	C:\WINDOWS\SYSTEM32\WINHTTP.dll
0x00007ff8cae30000 - 0x00007ff8cae9c000 	C:\WINDOWS\system32\mswsock.dll
0x00007ff859070000 - 0x00007ff859086000 	C:\Program Files\Eclipse Adoptium\jdk-17.0.17.10-hotspot\bin\nio.dll
0x00007ff8bdfb0000 - 0x00007ff8bdfc0000 	C:\Program Files\Eclipse Adoptium\jdk-17.0.17.10-hotspot\bin\verify.dll
0x00007ff88fca0000 - 0x00007ff88fcc7000 	D:\gradle_cache\native\1def1411415f61bf3af743bc5b6707747c0891f09f0c88961ee8f79bc544acac\windows-amd64\native-platform.dll
0x000000005ed90000 - 0x000000005ee03000 	D:\gradle_cache\native\0.2.5\x86_64-windows-gnu\gradle-fileevents.dll
0x00007ff8c8fb0000 - 0x00007ff8c8fba000 	C:\Program Files\Eclipse Adoptium\jdk-17.0.17.10-hotspot\bin\management.dll
0x00007ff8ab9f0000 - 0x00007ff8ab9fc000 	C:\Program Files\Eclipse Adoptium\jdk-17.0.17.10-hotspot\bin\management_ext.dll
0x00007ff8cd9f0000 - 0x00007ff8cd9f8000 	C:\WINDOWS\System32\PSAPI.DLL
0x00007ff8cb230000 - 0x00007ff8cb24b000 	C:\WINDOWS\SYSTEM32\CRYPTSP.dll
0x00007ff8ca840000 - 0x00007ff8ca879000 	C:\WINDOWS\system32\rsaenh.dll
0x00007ff8caee0000 - 0x00007ff8caf13000 	C:\WINDOWS\SYSTEM32\USERENV.dll
0x00007ff8cba80000 - 0x00007ff8cbaaa000 	C:\WINDOWS\SYSTEM32\bcrypt.dll
0x00007ff8cb090000 - 0x00007ff8cb09c000 	C:\WINDOWS\SYSTEM32\CRYPTBASE.dll
0x00007ff8ca2c0000 - 0x00007ff8ca2f2000 	C:\WINDOWS\SYSTEM32\IPHLPAPI.DLL
0x00007ff8cd9e0000 - 0x00007ff8cd9ea000 	C:\WINDOWS\System32\NSI.dll
0x00007ff8c25b0000 - 0x00007ff8c25cd000 	C:\WINDOWS\SYSTEM32\dhcpcsvc6.DLL
0x00007ff8c1ca0000 - 0x00007ff8c1cc5000 	C:\WINDOWS\SYSTEM32\dhcpcsvc.DLL
0x00007ff8ca3b0000 - 0x00007ff8ca4e2000 	C:\WINDOWS\SYSTEM32\DNSAPI.dll
0x00007ff8abbd0000 - 0x00007ff8abbd9000 	C:\Program Files\Eclipse Adoptium\jdk-17.0.17.10-hotspot\bin\extnet.dll
0x00007ff890010000 - 0x00007ff89001e000 	C:\Program Files\Eclipse Adoptium\jdk-17.0.17.10-hotspot\bin\sunmscapi.dll
0x00007ff8cc550000 - 0x00007ff8cc6c7000 	C:\WINDOWS\System32\CRYPT32.dll
0x00007ff8cb390000 - 0x00007ff8cb3c0000 	C:\WINDOWS\SYSTEM32\ncrypt.dll
0x00007ff8cb340000 - 0x00007ff8cb37f000 	C:\WINDOWS\SYSTEM32\NTASN1.dll
0x00007ff8a15a0000 - 0x00007ff8a15a8000 	C:\WINDOWS\system32\wshunix.dll
0x000000005ed10000 - 0x000000005ed83000 	C:\Users\ASUS\AppData\Local\Temp\native-platform10199757943233825352dir\gradle-fileevents.dll
0x00007ff8ac3a0000 - 0x00007ff8ac3b8000 	C:\WINDOWS\system32\napinsp.dll
0x00007ff8ab8d0000 - 0x00007ff8ab8e3000 	C:\WINDOWS\System32\winrnr.dll
0x00007ff8ab8a0000 - 0x00007ff8ab8c2000 	C:\WINDOWS\system32\nlansp_c.dll
0x00007ff8c2600000 - 0x00007ff8c2616000 	C:\WINDOWS\system32\wshbth.dll
0x00007ff8bc5a0000 - 0x00007ff8bc5ab000 	C:\Windows\System32\rasadhlp.dll
0x00007ff8be8d0000 - 0x00007ff8be956000 	C:\WINDOWS\System32\fwpuclnt.dll

dbghelp: loaded successfully - version: 4.0.5 - missing functions: none
symbol engine: initialized successfully - sym options: 0x614 - pdb path: .;C:\Program Files\Eclipse Adoptium\jdk-17.0.17.10-hotspot\bin;C:\WINDOWS\SYSTEM32;C:\WINDOWS\WinSxS\amd64_microsoft.windows.common-controls_6595b64144ccf1df_6.0.26100.8115_none_3e075c82e3354f9c;C:\Program Files\Eclipse Adoptium\jdk-17.0.17.10-hotspot\bin\server;D:\gradle_cache\native\1def1411415f61bf3af743bc5b6707747c0891f09f0c88961ee8f79bc544acac\windows-amd64;D:\gradle_cache\native\0.2.5\x86_64-windows-gnu;C:\Users\ASUS\AppData\Local\Temp\native-platform10199757943233825352dir

VM Arguments:
jvm_args: --add-opens=java.base/java.lang=ALL-UNNAMED --add-opens=java.base/java.lang.invoke=ALL-UNNAMED --add-opens=java.base/java.util=ALL-UNNAMED --add-opens=java.prefs/java.util.prefs=ALL-UNNAMED --add-exports=jdk.compiler/com.sun.tools.javac.api=ALL-UNNAMED --add-exports=jdk.compiler/com.sun.tools.javac.util=ALL-UNNAMED --add-opens=java.base/java.util=ALL-UNNAMED --add-opens=java.prefs/java.util.prefs=ALL-UNNAMED --add-opens=java.base/java.nio.charset=ALL-UNNAMED --add-opens=java.base/java.net=ALL-UNNAMED --add-opens=java.base/java.util.concurrent.atomic=ALL-UNNAMED --add-opens=java.xml/javax.xml.namespace=ALL-UNNAMED -XX:MaxMetaspaceSize=512m -XX:ReservedCodeCacheSize=256m -XX:+UseG1GC -Xmx1536m -Dfile.encoding=UTF-8 -Duser.country=IN -Duser.language=en -Duser.variant -javaagent:D:\gradle_cache\wrapper\dists\gradle-8.12-all\ejduaidbjup3bmmkhw3rie4zb\gradle-8.12\lib\agents\gradle-instrumentation-agent-8.12.jar 
java_command: org.gradle.launcher.daemon.bootstrap.GradleDaemon 8.12
java_class_path (initial): D:\gradle_cache\wrapper\dists\gradle-8.12-all\ejduaidbjup3bmmkhw3rie4zb\gradle-8.12\lib\gradle-daemon-main-8.12.jar
Launcher Type: SUN_STANDARD

[Global flags]
     intx CICompilerCount                          = 4                                         {product} {ergonomic}
   size_t CompressedClassSpaceSize                 = 436207616                                 {product} {ergonomic}
     uint ConcGCThreads                            = 2                                         {product} {ergonomic}
     uint G1ConcRefinementThreads                  = 8                                         {product} {ergonomic}
   size_t G1HeapRegionSize                         = 1048576                                   {product} {ergonomic}
    uintx GCDrainStackTargetSize                   = 64                                        {product} {ergonomic}
   size_t InitialHeapSize                          = 266338304                                 {product} {ergonomic}
   size_t MarkStackSize                            = 4194304                                   {product} {ergonomic}
   size_t MaxHeapSize                              = 1610612736                                {product} {command line}
   size_t MaxMetaspaceSize                         = 536870912                                 {product} {command line}
   size_t MaxNewSize                               = 965738496                                 {product} {ergonomic}
   size_t MinHeapDeltaBytes                        = 1048576                                   {product} {ergonomic}
   size_t MinHeapSize                              = 8388608                                   {product} {ergonomic}
    uintx NonNMethodCodeHeapSize                   = 5839372                                {pd product} {ergonomic}
    uintx NonProfiledCodeHeapSize                  = 131298042                              {pd product} {ergonomic}
    uintx ProfiledCodeHeapSize                     = 131298042                              {pd product} {ergonomic}
    uintx ReservedCodeCacheSize                    = 268435456                              {pd product} {command line}
     bool SegmentedCodeCache                       = true                                      {product} {ergonomic}
   size_t SoftMaxHeapSize                          = 1610612736                             {manageable} {ergonomic}
   double SweeperThreshold                         = 0.468750                                  {product} {ergonomic}
     bool UseCompressedClassPointers               = true                           {product lp64_product} {ergonomic}
     bool UseCompressedOops                        = true                           {product lp64_product} {ergonomic}
     bool UseG1GC                                  = true                                      {product} {command line}
     bool UseLargePagesIndividualAllocation        = false                                  {pd product} {ergonomic}

Logging:
Log output configuration:
 #0: stdout all=warning uptime,level,tags
 #1: stderr all=off uptime,level,tags

Environment Variables:
JAVA_HOME=C:\Program Files\Eclipse Adoptium\jdk-17.0.17.10-hotspot
PATH=C:\Users\ASUS\AppData\Local\Programs\Microsoft VS Code;C:\Program Files\Eclipse Adoptium\jdk-17.0.17.10-hotspot\bin;C:\WINDOWS\system32;C:\WINDOWS;C:\WINDOWS\System32\Wbem;C:\WINDOWS\System32\WindowsPowerShell\v1.0\;C:\WINDOWS\System32\OpenSSH\;C:\Program Files (x86)\NVIDIA Corporation\PhysX\Common;C:\Program Files\nodejs\;C:\Program Files\Java\jdk-25\bin;C:\Program Files\Git\cmd;C:\Program Files\Git\mingw64\bin;C:\Program Files\Git\usr\bin;D:\flutter\flutter\bin;C:\Program Files\Tesseract-OCR;C:\Python310;C:\Python310\Scripts;C:\Program Files\Docker\Docker\resources\bin;C:\xampp\php;C:\ProgramData\ComposerSetup\bin;C:\xampp\mysql\bin;C:\ngrok;C:\Python310\Scripts\;C:\Python310\;C:\Program Files\Eclipse Adoptium\jdk-17.0.17.10-hotspot\bin;C:\WINDOWS\system32;C:\WINDOWS;C:\WINDOWS\System32\Wbem;C:\WINDOWS\System32\WindowsPowerShell\v1.0\;C:\WINDOWS\System32\OpenSSH\;C:\Program Files (x86)\NVIDIA Corporation\PhysX\Common;C:\Program Files\nodejs\;C:\Program Files\Java\jdk-25\bin;C:\Program Files\Git\cmd;C:\Program Files\Git\mingw64\bin;C:\Program Files\Git\usr\bin;D:\flutter\flutter\bin;C:\Program Files\Eclipse Adoptium\jdk-17.0.17.10-hotspot\bin;C:\WINDOWS\system32;C:\WINDOWS;C:\WINDOWS\System32\Wbem;C:\WINDOWS\System32\WindowsPowerShell\v1.0\;C:\WINDOWS\System32\OpenSSH\;C:\Program Files (x86)\NVIDIA Corporation\PhysX\Common;C:\Program Files\nodejs\;C:\Program Files\Java\jdk-25\bin;C:\Program Files\Git\cmd;C:\Program Files\Git\mingw64\bin;C:\Program Files\Git\usr\bin;D:\flutter\flutter\bin;C:\Users\ASUS\AppData\Local\Programs\Python\Python311\;C:\Users\ASUS\AppData\Local\Programs\Python\Python311\Scripts\;C:\Users\ASUS\AppData\Local\Programs\Python\Python311\;C:\Users\ASUS\AppData\Lo;C:\Users\ASUS\AppData\Local\Programs\Python\Python311\;C:\Users\ASUS\.fly\bin;C:\Users\ASUS\AppData\Roaming\Composer\vendor\bin;C:\Users\ASUS\AppData\Local\Programs\Ollama;C:\Users\ASUS\AppData\Local\Programs\Microsoft VS Code\bin
USERNAME=ASUS
OS=Windows_NT
PROCESSOR_IDENTIFIER=Intel64 Family 6 Model 165 Stepping 2, GenuineIntel
TMP=C:\Users\ASUS\AppData\Local\Temp
TEMP=C:\Users\ASUS\AppData\Local\Temp



Periodic native trim disabled


---------------  S Y S T E M  ---------------

OS:
 Windows 11 , 64 bit Build 26100 (10.0.26100.8246)
OS uptime: 0 days 19:43 hours
Hyper-V role detected

CPU: total 8 (initial active 8) (4 cores per cpu, 2 threads per core) family 6 model 165 stepping 2 microcode 0xe0, cx8, cmov, fxsr, ht, mmx, 3dnowpref, sse, sse2, sse3, ssse3, sse4.1, sse4.2, popcnt, lzcnt, tsc, tscinvbit, avx, avx2, aes, erms, clmul, bmi1, bmi2, adx, fma, vzeroupper, clflush, clflushopt, hv
Processor Information for all 8 processors :
  Max Mhz: 2496, Current Mhz: 2496, Mhz Limit: 2496

Memory: 4k page, system-wide physical 16221M (697M free)
TotalPageFile size 24756M (AvailPageFile size 5M)
current process WorkingSet (physical memory assigned to process): 672M, peak: 691M
current process commit charge ("private bytes"): 728M, peak: 745M

vm_info: OpenJDK 64-Bit Server VM (17.0.17+10) for windows-amd64 JRE (17.0.17+10), built on Oct 21 2025 23:25:32 by "admin" with unknown MS VC++:1942

END.
